recall+,precision+,accuracy+,F1_Score+,AOD-,EOD-,SPD-,FA0-,FA1-,feature,sample_size,total_pts,fold,enough_multiplier
0.8,1.0,0.93,0.89,-0.04,-0.05,0.18,0.2,0.15,sex(,1,32,1,1
0.83,0.96,0.91,0.89,-0.02,-0.05,0.09,0.17,0.12,Age(,1,32,1,1
0.88,0.98,0.93,0.93,0.06,0.12,0.09,0.12,0.23,race(,1,32,1,1
0.0,0.0,0.66,0.0,-0.0,-0.01,0.01,1.0,0.99,sex(,1,8,1,5
0.02,1.0,0.56,0.04,0.01,0.02,0.01,0.98,1.0,Age(,1,8,1,5
0.02,1.0,0.52,0.04,0.01,0.02,0.01,0.98,1.0,race(,1,8,1,5
0.7,1.0,0.92,0.82,-0.01,0.03,0.13,0.3,0.33,sex(,1,8,2,5
0.65,0.95,0.85,0.77,-0.08,-0.09,0.11,0.35,0.26,Age(,1,8,2,5
0.71,0.93,0.83,0.81,0.1,0.16,0.2,0.29,0.45,race(,1,8,2,5
0.85,0.92,0.91,0.88,0.04,0.08,0.06,0.15,0.24,sex(,1,8,3,5
0.82,0.92,0.88,0.87,0.1,0.14,0.05,0.18,0.32,Age(,1,8,3,5
0.77,0.94,0.85,0.85,0.0,-0.01,0.07,0.23,0.22,race(,1,8,3,5
0.45,1.0,0.83,0.62,-0.12,-0.16,0.17,0.55,0.39,sex(,1,8,4,5
0.54,0.91,0.8,0.68,-0.15,-0.19,0.17,0.46,0.26,Age(,1,8,4,5
0.65,0.9,0.8,0.75,0.11,0.19,0.17,0.35,0.54,race(,1,8,4,5
0.69,1.0,0.87,0.82,0.05,0.1,0.01,0.31,0.41,sex(,1,8,5,5
0.6,1.0,0.82,0.75,-0.01,-0.02,0.04,0.4,0.38,Age(,1,8,5,5
0.67,1.0,0.84,0.8,0.1,0.19,0.12,0.33,0.52,race(,1,8,5,5
0.15,0.67,0.68,0.25,-0.19,-0.4,0.19,0.85,0.44,sex(,1,8,6,5
0.49,1.0,0.79,0.66,-0.08,-0.01,0.13,0.51,0.5,Age(,1,8,6,5
0.6,0.94,0.79,0.73,0.16,0.31,0.19,0.4,0.71,race(,1,8,6,5
1.0,1.0,1.0,1.0,0.12,0.32,0.03,0.0,0.32,sex(,1,8,7,5
0.67,0.92,0.82,0.78,-0.12,-0.21,0.15,0.33,0.12,Age(,1,8,7,5
0.75,0.9,0.83,0.82,0.06,0.07,0.14,0.25,0.32,race(,1,8,7,5
0.88,0.93,0.94,0.9,-0.02,-0.02,0.15,0.12,0.1,sex(,1,8,8,5
0.87,0.96,0.93,0.91,-0.1,-0.08,0.16,0.13,0.05,Age(,1,8,8,5
0.9,0.91,0.9,0.9,0.06,0.02,0.21,0.1,0.12,race(,1,8,8,5
1.0,0.7,0.81,0.82,0.07,0.04,0.03,0.0,0.04,sex(,1,8,9,5
0.96,0.75,0.83,0.84,0.02,-0.04,0.04,0.04,0.0,Age(,1,8,9,5
0.95,0.79,0.85,0.86,-0.01,-0.05,0.05,0.05,0.0,race(,1,8,9,5
0.1,1.0,0.73,0.18,-0.12,-0.23,0.12,0.9,0.67,sex(,1,8,10,5
0.32,1.0,0.73,0.48,0.03,0.06,0.02,0.68,0.74,Age(,1,8,10,5
0.39,1.0,0.72,0.56,0.12,0.25,0.12,0.61,0.86,race(,1,8,10,5
1.0,0.89,0.97,0.94,0.07,0.21,0.17,0.0,0.21,sex(,1,8,11,5
0.76,0.87,0.86,0.81,-0.16,-0.24,0.21,0.24,0.0,Age(,1,8,11,5
0.87,0.87,0.88,0.87,0.11,0.17,0.17,0.13,0.3,race(,1,8,11,5
0.94,0.59,0.73,0.72,0.04,0.03,0.02,0.06,0.08,sex(,1,8,12,5
0.88,0.74,0.82,0.8,-0.38,-0.12,0.43,0.12,0.0,Age(,1,8,12,5
0.95,0.74,0.79,0.83,0.07,0.09,0.17,0.05,0.14,race(,1,8,12,5
0.88,0.93,0.93,0.9,-0.04,0.04,0.15,0.12,0.16,sex(,1,8,13,5
0.79,0.85,0.83,0.82,-0.08,-0.21,0.12,0.21,0.0,Age(,1,8,13,5
0.9,0.85,0.87,0.87,0.18,0.21,0.21,0.1,0.31,race(,1,8,13,5
0.92,1.0,0.97,0.96,0.02,0.08,0.13,0.08,0.16,sex(,1,8,14,5
0.8,1.0,0.91,0.89,-0.16,-0.2,0.17,0.2,0.0,Age(,1,8,14,5
0.89,0.94,0.93,0.91,0.09,0.13,0.1,0.11,0.23,race(,1,8,14,5
1.0,1.0,1.0,1.0,-0.02,0.01,0.02,0.0,0.01,sex(,1,8,15,5
0.98,0.93,0.97,0.95,-0.02,-0.02,0.21,0.02,0.0,Age(,1,8,15,5
0.98,0.93,0.96,0.95,0.02,-0.02,0.2,0.02,0.0,race(,1,8,15,5
0.0,0.0,0.64,0.0,0.0,0.0,0.0,1.0,1.0,sex(,1,8,16,5
0.0,0.0,0.51,0.0,0.0,0.0,0.0,1.0,1.0,Age(,1,8,16,5
0.0,0.0,0.52,0.0,0.0,0.0,0.0,1.0,1.0,race(,1,8,16,5
0.27,0.75,0.73,0.4,-0.18,-0.35,0.21,0.73,0.38,sex(,1,8,17,5
0.56,1.0,0.8,0.72,-0.15,-0.06,0.18,0.44,0.38,Age(,1,8,17,5
0.69,0.89,0.8,0.78,0.22,0.34,0.25,0.31,0.65,race(,1,8,17,5
1.0,0.48,0.61,0.65,-0.07,0.01,0.11,0.0,0.01,sex(,1,8,18,5
0.98,0.49,0.58,0.65,-0.16,-0.02,0.2,0.02,0.0,Age(,1,8,18,5
0.98,0.58,0.63,0.73,0.0,-0.02,0.06,0.02,0.0,race(,1,8,18,5
0.8,0.63,0.72,0.7,0.12,0.16,0.09,0.2,0.36,sex(,1,8,19,5
0.52,0.71,0.7,0.6,-0.42,-0.42,0.47,0.48,0.06,Age(,1,8,19,5
0.72,0.68,0.69,0.7,0.18,0.16,0.2,0.28,0.44,race(,1,8,19,5
1.0,0.81,0.93,0.9,-0.01,0.0,0.16,0.0,0.0,sex(,1,8,20,5
1.0,0.84,0.93,0.91,0.03,0.0,0.15,0.0,0.0,Age(,1,8,20,5
1.0,0.9,0.94,0.95,0.0,0.0,0.18,0.0,0.0,race(,1,8,20,5
0.82,1.0,0.93,0.9,-0.02,-0.01,0.07,0.18,0.16,sex(,1,8,21,5
0.8,0.96,0.91,0.87,-0.07,-0.11,0.2,0.2,0.09,Age(,1,8,21,5
0.83,0.94,0.9,0.88,0.02,0.0,0.11,0.17,0.17,race(,1,8,21,5
0.58,1.0,0.84,0.73,0.05,0.14,0.02,0.42,0.56,sex(,1,8,22,5
0.36,0.95,0.71,0.52,-0.2,-0.29,0.27,0.64,0.35,Age(,1,8,22,5
0.55,0.93,0.73,0.69,0.18,0.34,0.23,0.45,0.79,race(,1,8,22,5
0.73,0.89,0.9,0.8,-0.01,-0.04,0.13,0.27,0.23,sex(,1,8,23,5
0.81,1.0,0.92,0.9,0.02,0.15,0.07,0.19,0.35,Age(,1,8,23,5
0.8,0.98,0.91,0.88,0.05,0.11,0.06,0.2,0.31,race(,1,8,23,5
0.62,0.5,0.62,0.55,0.12,0.06,0.09,0.38,0.45,sex(,1,8,24,5
0.48,0.82,0.69,0.61,-0.55,-0.52,0.52,0.52,0.0,Age(,1,8,24,5
0.61,0.65,0.63,0.63,0.18,0.14,0.21,0.39,0.53,race(,1,8,24,5
0.0,0.0,0.67,0.0,-0.02,-0.03,0.01,1.0,0.97,sex(,1,8,25,5
0.03,1.0,0.57,0.06,0.02,0.03,0.01,0.97,1.0,Age(,1,8,25,5
0.03,1.0,0.47,0.06,0.02,0.03,0.02,0.97,1.0,race(,1,8,25,5
1.0,1.0,1.0,1.0,0.1,0.24,0.07,0.0,0.24,sex(,1,16,25,3
0.79,0.96,0.89,0.87,-0.02,-0.0,0.11,0.21,0.21,Age(,1,16,25,3
0.77,0.98,0.86,0.86,-0.05,-0.08,0.11,0.23,0.15,race(,1,16,25,3
1.0,1.0,1.0,1.0,-0.02,0.01,0.19,0.0,0.01,sex(,1,16,25,2
0.98,0.97,0.98,0.97,-0.02,-0.02,0.14,0.02,0.0,Age(,1,16,25,2
0.98,0.98,0.98,0.98,-0.02,-0.02,0.17,0.02,0.0,race(,1,16,25,2
1.0,1.0,1.0,1.0,-0.02,0.03,0.19,0.0,0.03,sex(,1,32,25,1
0.98,0.94,0.97,0.96,0.01,0.03,0.11,0.02,0.04,Age(,1,32,25,1
0.97,0.97,0.97,0.97,-0.02,-0.03,0.16,0.03,0.0,race(,1,32,25,1
0.85,0.85,0.88,0.85,-0.03,-0.13,0.12,0.15,0.03,sex(,1,16,24,3
0.96,0.96,0.96,0.96,0.02,0.03,0.12,0.04,0.07,Age(,1,16,24,3
0.93,0.95,0.94,0.94,-0.02,-0.07,0.06,0.07,0.0,race(,1,16,24,3
1.0,0.93,0.97,0.96,0.04,0.05,0.08,0.0,0.05,sex(,1,16,24,2
0.95,0.97,0.96,0.96,-0.04,-0.05,0.08,0.05,0.0,Age(,1,16,24,2
0.95,0.97,0.96,0.96,-0.0,-0.02,0.08,0.05,0.03,race(,1,16,24,2
0.85,0.92,0.91,0.88,0.01,-0.01,0.08,0.15,0.14,sex(,1,32,24,1
0.86,0.99,0.92,0.92,-0.02,0.0,0.09,0.14,0.14,Age(,1,32,24,1
0.86,0.98,0.92,0.92,0.0,0.02,0.08,0.14,0.16,race(,1,32,24,1
0.73,1.0,0.92,0.84,-0.06,-0.11,0.19,0.27,0.16,sex(,1,16,23,3
0.82,1.0,0.93,0.9,-0.02,-0.0,0.13,0.18,0.17,Age(,1,16,23,3
0.84,1.0,0.93,0.91,0.02,0.05,0.03,0.16,0.21,race(,1,16,23,3
0.82,0.9,0.92,0.86,-0.05,-0.11,0.18,0.18,0.07,sex(,1,16,23,2
0.93,1.0,0.97,0.96,-0.04,0.06,0.16,0.07,0.13,Age(,1,16,23,2
0.92,0.96,0.95,0.94,0.02,0.03,0.04,0.08,0.1,race(,1,16,23,2
1.0,0.92,0.97,0.96,0.05,0.09,0.12,0.0,0.09,sex(,1,32,23,1
0.93,1.0,0.97,0.96,-0.06,0.02,0.18,0.07,0.09,Age(,1,32,23,1
0.92,0.96,0.95,0.94,0.0,-0.01,0.03,0.08,0.07,race(,1,32,23,1
0.83,1.0,0.94,0.91,-0.03,0.02,0.13,0.17,0.19,sex(,1,16,22,3
0.78,0.94,0.88,0.85,-0.12,-0.1,0.23,0.22,0.12,Age(,1,16,22,3
0.87,0.92,0.89,0.89,0.12,0.2,0.22,0.13,0.33,race(,1,16,22,3
0.92,1.0,0.97,0.96,-0.07,0.0,0.18,0.08,0.09,sex(,1,16,22,2
0.9,0.91,0.92,0.9,-0.12,-0.04,0.23,0.1,0.06,Age(,1,16,22,2
0.93,0.88,0.89,0.9,0.08,0.05,0.21,0.07,0.12,race(,1,16,22,2
1.0,0.8,0.9,0.89,0.02,0.05,0.08,0.0,0.05,sex(,1,32,22,1
0.93,0.85,0.9,0.89,-0.12,-0.07,0.23,0.07,0.0,Age(,1,32,22,1
0.99,0.83,0.88,0.9,0.14,0.11,0.26,0.01,0.12,race(,1,32,22,1
0.94,0.94,0.96,0.94,-0.03,0.02,0.09,0.06,0.08,sex(,1,16,21,3
0.89,0.83,0.89,0.86,-0.02,-0.11,0.16,0.11,0.0,Age(,1,16,21,3
0.94,0.86,0.91,0.9,0.06,0.07,0.14,0.06,0.12,race(,1,16,21,3
0.94,1.0,0.98,0.97,0.02,0.06,0.04,0.06,0.11,sex(,1,16,21,2
0.89,0.96,0.95,0.92,0.0,-0.02,0.14,0.11,0.09,Age(,1,16,21,2
0.91,0.96,0.94,0.93,0.03,0.03,0.12,0.09,0.12,race(,1,16,21,2
0.94,1.0,0.98,0.97,-0.02,0.01,0.07,0.06,0.07,sex(,1,32,21,1
0.91,0.96,0.95,0.93,-0.06,-0.09,0.21,0.09,0.0,Age(,1,32,21,1
0.94,0.94,0.95,0.94,0.04,0.03,0.13,0.06,0.08,race(,1,32,21,1
0.92,1.0,0.98,0.96,0.03,0.07,0.13,0.08,0.15,sex(,1,16,20,3
0.86,1.0,0.95,0.92,-0.03,-0.01,0.2,0.14,0.13,Age(,1,16,20,3
0.87,0.98,0.93,0.92,0.03,0.04,0.19,0.13,0.17,race(,1,16,20,3
0.92,0.57,0.78,0.7,-0.04,-0.05,0.15,0.08,0.03,sex(,1,16,20,2
0.95,0.67,0.81,0.79,-0.12,-0.05,0.25,0.05,0.0,Age(,1,16,20,2
0.97,0.72,0.8,0.83,0.06,0.02,0.21,0.03,0.06,race(,1,16,20,2
1.0,0.93,0.98,0.96,-0.0,0.02,0.17,0.0,0.02,sex(,1,32,20,1
0.98,0.95,0.97,0.96,-0.08,-0.02,0.26,0.02,0.0,Age(,1,32,20,1
0.98,0.92,0.95,0.95,0.02,-0.02,0.22,0.02,0.0,race(,1,32,20,1
1.0,1.0,1.0,1.0,-0.0,0.05,0.08,0.0,0.05,sex(,1,16,19,3
0.93,0.98,0.96,0.95,-0.11,-0.07,0.23,0.07,0.0,Age(,1,16,19,3
0.95,0.93,0.94,0.94,0.01,-0.02,0.07,0.05,0.03,race(,1,16,19,3
1.0,0.88,0.94,0.94,-0.01,0.05,0.07,0.0,0.05,sex(,1,16,19,2
0.93,0.9,0.93,0.91,-0.18,-0.07,0.28,0.07,0.0,Age(,1,16,19,2
0.97,0.82,0.88,0.89,0.08,0.03,0.13,0.03,0.06,race(,1,16,19,2
0.93,1.0,0.97,0.96,0.08,0.2,0.01,0.07,0.27,sex(,1,32,19,1
0.76,0.98,0.89,0.86,-0.06,-0.02,0.16,0.24,0.22,Age(,1,32,19,1
0.79,0.94,0.87,0.86,0.05,0.07,0.09,0.21,0.28,race(,1,32,19,1
0.67,1.0,0.88,0.8,-0.04,-0.02,0.09,0.33,0.31,sex(,1,16,18,3
0.69,0.91,0.85,0.78,0.04,0.04,0.05,0.31,0.35,Age(,1,16,18,3
0.68,0.98,0.83,0.8,-0.02,0.0,0.12,0.32,0.32,race(,1,16,18,3
0.25,1.0,0.73,0.4,-0.15,-0.29,0.16,0.75,0.46,sex(,1,16,18,2
0.47,0.97,0.78,0.63,-0.04,-0.09,0.11,0.53,0.43,Age(,1,16,18,2
0.53,0.97,0.75,0.69,0.07,0.12,0.16,0.47,0.59,race(,1,16,18,2
1.0,0.86,0.94,0.92,0.0,0.0,0.07,0.0,0.0,sex(,1,32,18,1
1.0,0.92,0.97,0.96,-0.08,0.0,0.21,0.0,0.0,Age(,1,32,18,1
1.0,0.91,0.95,0.95,0.02,0.0,0.23,0.0,0.0,race(,1,32,18,1
0.45,1.0,0.82,0.62,-0.08,-0.13,0.15,0.55,0.42,sex(,1,16,17,3
0.64,0.98,0.83,0.77,0.12,0.26,0.08,0.36,0.62,Age(,1,16,17,3
0.64,0.95,0.8,0.76,0.13,0.22,0.17,0.36,0.58,race(,1,16,17,3
0.91,0.91,0.94,0.91,-0.01,-0.03,0.15,0.09,0.06,sex(,1,16,17,2
0.97,0.97,0.97,0.97,0.04,0.14,0.02,0.03,0.17,Age(,1,16,17,2
0.97,0.93,0.95,0.95,0.08,0.1,0.17,0.03,0.13,race(,1,16,17,2
0.91,0.91,0.94,0.91,0.01,-0.0,0.14,0.09,0.09,sex(,1,32,17,1
0.91,0.98,0.95,0.94,-0.04,-0.01,0.1,0.09,0.08,Age(,1,32,17,1
0.95,0.95,0.95,0.95,0.08,0.11,0.16,0.05,0.16,race(,1,32,17,1
0.79,0.92,0.9,0.85,0.02,0.06,0.09,0.21,0.27,sex(,1,16,16,3
0.68,0.94,0.82,0.79,-0.18,-0.32,0.11,0.32,0.0,Age(,1,16,16,3
0.78,0.94,0.87,0.85,0.06,0.12,0.06,0.22,0.34,race(,1,16,16,3
0.86,1.0,0.95,0.92,0.03,0.12,0.09,0.14,0.26,sex(,1,16,16,2
0.71,0.96,0.84,0.82,-0.18,-0.29,0.1,0.29,0.0,Age(,1,16,16,2
0.75,0.96,0.86,0.84,-0.03,-0.04,0.02,0.25,0.22,race(,1,16,16,2
1.0,0.93,0.97,0.96,-0.0,0.0,0.15,0.0,0.0,sex(,1,32,16,1
1.0,0.96,0.98,0.98,-0.02,0.0,0.05,0.0,0.0,Age(,1,32,16,1
1.0,0.95,0.98,0.97,-0.0,0.0,0.0,0.0,0.0,race(,1,32,16,1
1.0,0.86,0.93,0.92,-0.1,0.0,0.11,0.0,0.0,sex(,1,16,15,3
1.0,0.66,0.81,0.8,0.07,0.0,0.08,0.0,0.0,Age(,1,16,15,3
1.0,0.76,0.84,0.86,0.02,0.0,0.16,0.0,0.0,race(,1,16,15,3
0.67,1.0,0.86,0.8,0.03,0.09,0.02,0.33,0.42,sex(,1,16,15,2
0.67,0.95,0.86,0.79,0.1,0.25,0.0,0.33,0.58,Age(,1,16,15,2
0.58,0.92,0.76,0.71,0.0,-0.05,0.12,0.42,0.38,race(,1,16,15,2
1.0,1.0,1.0,1.0,-0.02,0.01,0.02,0.0,0.01,sex(,1,32,15,1
0.98,0.95,0.97,0.96,-0.02,-0.02,0.21,0.02,0.0,Age(,1,32,15,1
1.0,0.93,0.96,0.96,0.06,0.04,0.23,0.0,0.04,race(,1,32,15,1
1.0,0.57,0.76,0.73,0.1,0.03,0.01,0.0,0.03,sex(,1,16,14,3
0.97,0.87,0.92,0.92,-0.24,-0.03,0.27,0.03,0.0,Age(,1,16,14,3
1.0,0.75,0.84,0.86,0.12,0.07,0.14,0.0,0.07,race(,1,16,14,3
1.0,0.92,0.97,0.96,-0.02,0.0,0.18,0.0,0.0,sex(,1,16,14,2
1.0,0.94,0.97,0.97,-0.05,0.0,0.07,0.0,0.0,Age(,1,16,14,2
1.0,0.88,0.93,0.94,0.06,0.0,0.09,0.0,0.0,race(,1,16,14,2
1.0,1.0,1.0,1.0,0.02,0.07,0.15,0.0,0.07,sex(,1,32,14,1
0.94,1.0,0.97,0.97,-0.07,-0.02,0.08,0.06,0.04,Age(,1,32,14,1
0.95,0.95,0.95,0.95,0.03,0.01,0.06,0.05,0.07,race(,1,32,14,1
0.69,1.0,0.88,0.82,-0.1,-0.14,0.19,0.31,0.18,sex(,1,16,13,3
0.76,0.96,0.87,0.85,-0.12,-0.16,0.15,0.24,0.08,Age(,1,16,13,3
0.84,0.94,0.89,0.89,0.1,0.15,0.14,0.16,0.31,race(,1,16,13,3
1.0,0.73,0.85,0.84,-0.04,0.0,0.14,0.0,0.0,sex(,1,16,13,2
1.0,0.78,0.86,0.88,-0.06,0.0,0.08,0.0,0.0,Age(,1,16,13,2
1.0,0.74,0.82,0.85,0.12,0.0,0.16,0.0,0.0,race(,1,16,13,2
0.88,1.0,0.95,0.94,-0.06,-0.07,0.19,0.12,0.05,sex(,1,32,13,1
0.92,0.97,0.94,0.94,-0.08,-0.08,0.12,0.08,0.0,Age(,1,32,13,1
0.96,0.94,0.95,0.95,0.06,0.07,0.11,0.04,0.12,race(,1,32,13,1
1.0,0.57,0.71,0.73,0.01,0.0,0.05,0.0,0.0,sex(,1,16,12,3
1.0,0.7,0.82,0.82,-0.32,0.0,0.37,0.0,0.0,Age(,1,16,12,3
1.0,0.7,0.77,0.82,0.06,0.0,0.16,0.0,0.0,race(,1,16,12,3
0.82,0.93,0.91,0.87,0.02,0.06,0.06,0.18,0.24,sex(,1,16,12,2
0.73,0.96,0.87,0.83,-0.12,-0.12,0.23,0.27,0.14,Age(,1,16,12,2
0.85,0.96,0.9,0.9,0.11,0.24,0.22,0.15,0.39,race(,1,16,12,2
1.0,0.85,0.93,0.92,0.02,0.04,0.08,0.0,0.04,sex(,1,32,12,1
0.95,0.9,0.94,0.92,-0.11,-0.05,0.23,0.05,0.0,Age(,1,32,12,1
0.95,0.95,0.95,0.95,-0.08,-0.05,0.08,0.05,0.0,race(,1,32,12,1
0.88,0.88,0.94,0.88,0.0,-0.0,0.2,0.12,0.12,sex(,1,16,11,3
0.9,0.97,0.95,0.93,0.02,0.11,0.05,0.1,0.21,Age(,1,16,11,3
0.89,0.96,0.93,0.92,0.02,0.04,0.1,0.11,0.15,race(,1,16,11,3
0.75,0.86,0.91,0.8,-0.05,-0.1,0.22,0.25,0.15,sex(,1,16,11,2
0.82,0.96,0.91,0.88,-0.08,-0.07,0.14,0.18,0.11,Age(,1,16,11,2
0.87,0.96,0.92,0.91,0.04,0.09,0.12,0.13,0.22,race(,1,16,11,2
0.88,0.78,0.91,0.83,0.0,-0.04,0.19,0.12,0.08,sex(,1,32,11,1
0.94,0.95,0.95,0.94,0.01,0.09,0.06,0.06,0.16,Age(,1,32,11,1
0.93,0.94,0.94,0.93,0.02,0.04,0.11,0.07,0.11,race(,1,32,11,1
0.7,0.7,0.82,0.7,0.02,0.03,0.07,0.3,0.33,sex(,1,16,10,3
0.56,0.8,0.77,0.66,-0.32,-0.4,0.41,0.44,0.04,Age(,1,16,10,3
0.74,0.78,0.79,0.76,0.16,0.21,0.18,0.26,0.46,race(,1,16,10,3
0.9,0.9,0.94,0.9,0.02,0.01,0.12,0.1,0.11,sex(,1,16,10,2
0.9,0.96,0.95,0.93,0.0,0.03,0.14,0.1,0.13,Age(,1,16,10,2
0.91,0.96,0.94,0.93,0.03,0.05,0.08,0.09,0.14,race(,1,16,10,2
0.9,0.9,0.94,0.9,0.04,0.05,0.1,0.1,0.15,sex(,1,32,10,1
0.85,0.96,0.93,0.9,-0.02,-0.02,0.16,0.15,0.13,Age(,1,32,10,1
0.85,0.96,0.92,0.9,0.0,-0.01,0.06,0.15,0.14,race(,1,32,10,1
0.93,0.81,0.88,0.87,0.06,0.04,0.01,0.07,0.12,sex(,1,16,9,3
0.85,0.89,0.88,0.87,-0.12,-0.15,0.19,0.15,0.0,Age(,1,16,9,3
0.89,0.88,0.88,0.88,0.02,0.01,0.08,0.11,0.12,race(,1,16,9,3
1.0,0.93,0.97,0.96,-0.01,0.01,0.06,0.0,0.01,sex(,1,16,9,2
0.99,0.92,0.95,0.95,-0.02,-0.01,0.09,0.01,0.0,Age(,1,16,9,2
0.98,0.92,0.95,0.95,0.0,-0.02,0.08,0.02,0.0,race(,1,16,9,2
1.0,1.0,1.0,1.0,-0.04,0.0,0.09,0.0,0.0,sex(,1,32,9,1
1.0,0.94,0.97,0.97,-0.02,0.0,0.09,0.0,0.0,Age(,1,32,9,1
1.0,0.94,0.97,0.97,0.0,0.0,0.07,0.0,0.0,race(,1,32,9,1
0.94,0.75,0.88,0.83,-0.05,-0.05,0.17,0.06,0.01,sex(,1,16,8,3
0.97,0.88,0.93,0.92,-0.26,-0.03,0.32,0.03,0.0,Age(,1,16,8,3
0.97,0.77,0.83,0.86,0.1,-0.03,0.27,0.03,0.0,race(,1,16,8,3
0.94,1.0,0.98,0.97,0.0,0.04,0.15,0.06,0.1,sex(,1,16,8,2
0.89,1.0,0.95,0.94,-0.1,-0.06,0.17,0.11,0.05,Age(,1,16,8,2
0.95,0.95,0.95,0.95,0.1,0.15,0.25,0.05,0.2,race(,1,16,8,2
1.0,0.94,0.98,0.97,-0.0,0.0,0.16,0.0,0.0,sex(,1,32,8,1
1.0,0.98,0.99,0.99,-0.06,0.0,0.14,0.0,0.0,Age(,1,32,8,1
1.0,0.94,0.97,0.97,0.04,0.0,0.21,0.0,0.0,race(,1,32,8,1
1.0,1.0,1.0,1.0,0.04,0.13,0.11,0.0,0.13,sex(,1,16,7,3
0.86,0.97,0.92,0.91,-0.06,-0.1,0.09,0.14,0.04,Age(,1,16,7,3
0.9,0.97,0.93,0.93,0.03,0.05,0.13,0.1,0.14,race(,1,16,7,3
0.75,1.0,0.91,0.86,-0.0,0.02,0.12,0.25,0.27,sex(,1,16,7,2
0.76,0.98,0.88,0.86,0.02,0.08,0.01,0.24,0.32,Age(,1,16,7,2
0.71,0.98,0.84,0.82,-0.04,-0.07,0.05,0.29,0.21,race(,1,16,7,2
1.0,1.0,1.0,1.0,-0.02,0.0,0.17,0.0,0.0,sex(,1,32,7,1
1.0,0.97,0.99,0.98,-0.01,0.0,0.05,0.0,0.0,Age(,1,32,7,1
1.0,0.97,0.98,0.98,0.0,0.0,0.12,0.0,0.0,race(,1,32,7,1
0.0,0.0,0.66,0.0,-0.06,-0.13,0.06,1.0,0.87,sex(,1,16,6,3
0.15,1.0,0.66,0.26,0.08,0.15,0.06,0.85,1.0,Age(,1,16,6,3
0.13,1.0,0.58,0.23,0.03,0.06,0.04,0.87,0.93,race(,1,16,6,3
0.92,0.92,0.95,0.92,0.02,0.04,0.08,0.08,0.11,sex(,1,16,6,2
0.88,0.98,0.95,0.93,-0.08,-0.04,0.19,0.12,0.08,Age(,1,16,6,2
0.91,0.96,0.94,0.93,0.02,0.05,0.12,0.09,0.14,race(,1,16,6,2
1.0,0.93,0.97,0.96,0.02,0.07,0.09,0.0,0.07,sex(,1,32,6,1
0.93,0.96,0.96,0.94,-0.1,-0.03,0.21,0.07,0.04,Age(,1,32,6,1
0.95,0.93,0.94,0.94,0.02,0.02,0.13,0.05,0.07,race(,1,32,6,1
0.69,1.0,0.87,0.82,-0.04,-0.03,0.07,0.31,0.28,sex(,1,16,5,3
0.84,0.96,0.92,0.9,0.2,0.47,0.16,0.16,0.62,Age(,1,16,5,3
0.81,0.92,0.88,0.86,0.18,0.29,0.21,0.19,0.48,race(,1,16,5,3
0.75,1.0,0.89,0.86,0.06,0.12,0.02,0.25,0.37,sex(,1,16,5,2
0.67,1.0,0.85,0.8,0.02,0.04,0.02,0.33,0.38,Age(,1,16,5,2
0.74,1.0,0.88,0.85,0.13,0.26,0.16,0.26,0.52,race(,1,16,5,2
0.88,1.0,0.95,0.94,0.06,0.11,0.01,0.12,0.24,sex(,1,32,5,1
0.83,1.0,0.92,0.91,0.08,0.16,0.03,0.17,0.33,Age(,1,32,5,1
0.79,1.0,0.9,0.88,0.02,0.03,0.07,0.21,0.24,race(,1,32,5,1
0.73,1.0,0.92,0.84,-0.06,-0.05,0.15,0.27,0.22,sex(,1,16,4,3
0.76,0.94,0.89,0.84,-0.06,-0.03,0.1,0.24,0.21,Age(,1,16,4,3
0.72,0.93,0.84,0.81,-0.08,-0.15,0.05,0.28,0.12,race(,1,16,4,3
0.73,1.0,0.92,0.84,-0.02,0.03,0.12,0.27,0.3,sex(,1,16,4,2
0.64,0.95,0.84,0.76,-0.18,-0.25,0.21,0.36,0.11,Age(,1,16,4,2
0.7,0.93,0.83,0.8,0.0,-0.0,0.1,0.3,0.29,race(,1,16,4,2
0.82,1.0,0.94,0.9,-0.11,-0.14,0.21,0.18,0.04,sex(,1,32,4,1
0.93,0.93,0.95,0.93,-0.06,-0.02,0.1,0.07,0.05,Age(,1,32,4,1
0.93,0.93,0.93,0.93,-0.01,-0.03,0.12,0.07,0.04,race(,1,32,4,1
1.0,0.93,0.97,0.96,-0.02,0.0,0.14,0.0,0.0,sex(,1,16,3,3
1.0,0.92,0.96,0.96,0.0,0.0,0.21,0.0,0.0,Age(,1,16,3,3
1.0,0.93,0.96,0.96,0.02,0.0,0.12,0.0,0.0,race(,1,16,3,3
1.0,0.41,0.41,0.58,0.02,0.0,0.01,0.0,0.0,sex(,1,16,3,2
1.0,0.47,0.48,0.64,-0.02,0.0,0.01,0.0,0.0,Age(,1,16,3,2
1.0,0.56,0.56,0.72,0.0,0.0,0.01,0.0,0.0,race(,1,16,3,2
1.0,1.0,1.0,1.0,0.0,0.04,0.13,0.0,0.04,sex(,1,32,3,1
0.97,0.97,0.97,0.97,-0.02,0.0,0.23,0.03,0.03,Age(,1,32,3,1
0.97,0.96,0.96,0.96,0.03,0.0,0.13,0.03,0.03,race(,1,32,3,1
0.6,0.67,0.81,0.63,-0.16,-0.12,0.25,0.4,0.28,sex(,1,16,2,3
0.75,0.63,0.72,0.68,0.12,0.17,0.1,0.25,0.42,Age(,1,16,2,3
0.76,0.67,0.7,0.71,0.19,0.21,0.27,0.24,0.45,race(,1,16,2,3
1.0,1.0,1.0,1.0,0.07,0.19,0.11,0.0,0.19,sex(,1,16,2,2
0.83,0.96,0.92,0.89,-0.03,-0.01,0.08,0.17,0.16,Age(,1,16,2,2
0.86,0.94,0.91,0.9,0.07,0.11,0.22,0.14,0.25,race(,1,16,2,2
1.0,0.91,0.97,0.95,-0.02,0.0,0.18,0.0,0.0,sex(,1,32,2,1
1.0,0.95,0.98,0.97,-0.07,0.0,0.12,0.0,0.0,Age(,1,32,2,1
1.0,0.92,0.96,0.96,0.02,0.0,0.21,0.0,0.0,race(,1,32,2,1
0.8,1.0,0.93,0.89,-0.05,-0.07,0.18,0.2,0.13,sex(,1,16,1,3
0.85,0.96,0.92,0.9,-0.0,-0.03,0.09,0.15,0.12,Age(,1,16,1,3
0.9,0.98,0.94,0.94,0.06,0.13,0.09,0.1,0.23,race(,1,16,1,3
0.67,1.0,0.89,0.8,0.12,0.25,0.02,0.33,0.59,sex(,1,16,1,2
0.45,1.0,0.75,0.62,-0.02,-0.03,0.06,0.55,0.52,Age(,1,16,1,2
0.55,1.0,0.78,0.71,0.14,0.28,0.15,0.45,0.73,race(,1,16,1,2
0.6,1.0,0.86,0.75,0.07,0.17,0.03,0.4,0.57,sex(,2,64,1,1
0.49,0.94,0.76,0.64,0.08,0.13,0.04,0.51,0.64,Age(,2,64,1,1
0.45,0.96,0.72,0.61,-0.02,-0.02,0.01,0.55,0.53,race(,2,64,1,1
0.93,0.93,0.95,0.93,-0.03,-0.07,0.18,0.07,0.0,sex(,2,16,1,5
0.98,0.97,0.98,0.97,-0.02,-0.02,0.11,0.02,0.0,Age(,2,16,1,5
0.98,0.97,0.98,0.97,-0.0,-0.02,0.04,0.02,0.0,race(,2,16,1,5
0.8,0.89,0.92,0.84,0.05,0.12,0.09,0.2,0.32,sex(,2,16,2,5
0.63,0.93,0.83,0.75,-0.18,-0.26,0.2,0.37,0.11,Age(,2,16,2,5
0.68,0.91,0.81,0.78,-0.02,-0.07,0.12,0.32,0.25,race(,2,16,2,5
0.92,1.0,0.97,0.96,0.01,0.05,0.11,0.08,0.13,sex(,2,16,3,5
0.87,0.98,0.93,0.92,-0.05,-0.04,0.24,0.13,0.1,Age(,2,16,3,5
0.88,0.97,0.92,0.92,0.02,0.0,0.11,0.12,0.12,race(,2,16,3,5
0.73,0.89,0.89,0.8,-0.1,-0.15,0.18,0.27,0.12,sex(,2,16,4,5
0.81,0.91,0.89,0.86,-0.13,-0.19,0.17,0.19,0.0,Age(,2,16,4,5
0.93,0.91,0.92,0.92,0.12,0.22,0.21,0.07,0.29,race(,2,16,4,5
1.0,0.89,0.95,0.94,0.01,0.0,0.03,0.0,0.0,sex(,2,16,5,5
1.0,0.94,0.97,0.97,-0.06,0.0,0.11,0.0,0.0,Age(,2,16,5,5
1.0,0.88,0.93,0.94,0.06,0.0,0.14,0.0,0.0,race(,2,16,5,5
1.0,0.41,0.5,0.58,0.04,0.0,0.01,0.0,0.0,sex(,2,16,6,5
1.0,0.48,0.55,0.65,0.11,0.0,0.07,0.0,0.0,Age(,2,16,6,5
1.0,0.58,0.65,0.73,-0.03,0.0,0.0,0.0,0.0,race(,2,16,6,5
0.42,1.0,0.79,0.59,-0.04,-0.05,0.1,0.58,0.53,sex(,2,16,7,5
0.47,0.97,0.75,0.63,0.0,0.03,0.02,0.53,0.56,Age(,2,16,7,5
0.51,0.97,0.74,0.67,0.07,0.15,0.12,0.49,0.64,race(,2,16,7,5
0.81,0.93,0.92,0.87,-0.09,-0.17,0.21,0.19,0.01,sex(,2,16,8,5
0.95,0.98,0.97,0.96,-0.06,0.0,0.14,0.05,0.05,Age(,2,16,8,5
0.95,0.93,0.94,0.94,0.03,-0.01,0.2,0.05,0.04,race(,2,16,8,5
0.93,1.0,0.97,0.96,0.06,0.17,0.01,0.07,0.24,sex(,2,16,9,5
0.79,0.93,0.88,0.85,0.04,0.03,0.02,0.21,0.24,Age(,2,16,9,5
0.85,0.97,0.91,0.91,0.1,0.23,0.15,0.15,0.38,race(,2,16,9,5
1.0,0.91,0.97,0.95,-0.08,0.01,0.23,0.0,0.01,sex(,2,16,10,5
0.98,0.81,0.9,0.89,-0.07,-0.02,0.2,0.02,0.0,Age(,2,16,10,5
0.98,0.8,0.88,0.88,0.02,-0.02,0.09,0.02,0.0,race(,2,16,10,5
0.75,0.86,0.91,0.8,0.08,0.13,0.09,0.25,0.38,sex(,2,16,11,5
0.6,1.0,0.84,0.75,-0.12,-0.14,0.17,0.4,0.26,Age(,2,16,11,5
0.8,0.96,0.89,0.87,0.26,0.5,0.28,0.2,0.7,race(,2,16,11,5
1.0,0.94,0.98,0.97,-0.02,0.0,0.12,0.0,0.0,sex(,2,16,12,5
1.0,0.95,0.98,0.97,-0.06,0.0,0.19,0.0,0.0,Age(,2,16,12,5
1.0,0.97,0.98,0.98,-0.02,0.0,0.15,0.0,0.0,race(,2,16,12,5
0.69,1.0,0.88,0.82,-0.04,-0.07,0.14,0.31,0.24,sex(,2,16,13,5
0.72,0.98,0.86,0.83,-0.06,-0.12,0.09,0.28,0.17,Age(,2,16,13,5
0.71,0.98,0.84,0.82,-0.06,-0.14,0.02,0.29,0.15,race(,2,16,13,5
0.83,1.0,0.95,0.91,0.0,0.03,0.13,0.17,0.2,sex(,2,16,14,5
0.78,1.0,0.9,0.88,-0.08,-0.09,0.09,0.22,0.13,Age(,2,16,14,5
0.84,0.96,0.91,0.9,0.07,0.11,0.09,0.16,0.27,race(,2,16,14,5
0.83,1.0,0.93,0.91,0.11,0.25,0.09,0.17,0.42,sex(,2,16,15,5
0.58,0.94,0.83,0.72,-0.08,-0.13,0.2,0.42,0.29,Age(,2,16,15,5
0.65,0.92,0.8,0.76,0.08,0.11,0.18,0.35,0.46,race(,2,16,15,5
0.43,0.86,0.77,0.57,-0.05,-0.1,0.11,0.57,0.47,sex(,2,16,16,5
0.59,0.96,0.78,0.73,0.17,0.4,0.17,0.41,0.81,Age(,2,16,16,5
0.53,0.91,0.75,0.67,0.02,0.03,0.03,0.47,0.5,race(,2,16,16,5
0.45,1.0,0.82,0.62,-0.11,-0.19,0.18,0.55,0.35,sex(,2,16,17,5
0.58,0.97,0.8,0.73,-0.1,-0.17,0.14,0.42,0.25,Age(,2,16,17,5
0.66,0.95,0.81,0.78,0.08,0.11,0.13,0.34,0.45,race(,2,16,17,5
0.83,1.0,0.94,0.91,-0.08,-0.1,0.14,0.17,0.07,sex(,2,16,18,5
0.9,0.93,0.93,0.91,-0.03,-0.06,0.16,0.1,0.04,Age(,2,16,18,5
0.9,0.96,0.93,0.93,-0.04,-0.05,0.16,0.1,0.05,race(,2,16,18,5
0.8,1.0,0.92,0.89,0.08,0.21,0.02,0.2,0.41,sex(,2,16,19,5
0.6,0.95,0.81,0.74,-0.08,-0.05,0.15,0.4,0.34,Age(,2,16,19,5
0.74,0.9,0.83,0.81,0.21,0.34,0.23,0.26,0.59,race(,2,16,19,5
1.0,1.0,1.0,1.0,0.05,0.11,0.12,0.0,0.11,sex(,2,16,20,5
0.88,1.0,0.95,0.94,-0.09,-0.12,0.27,0.12,0.0,Age(,2,16,20,5
0.93,0.98,0.96,0.95,0.06,0.1,0.23,0.07,0.17,race(,2,16,20,5
0.94,1.0,0.98,0.97,-0.04,-0.03,0.08,0.06,0.03,sex(,2,16,21,5
0.95,0.96,0.97,0.95,-0.04,-0.05,0.19,0.05,0.0,Age(,2,16,21,5
0.98,0.95,0.97,0.96,0.05,0.06,0.15,0.02,0.08,race(,2,16,21,5
1.0,0.75,0.87,0.86,0.1,0.16,0.0,0.0,0.16,sex(,2,16,22,5
0.8,0.82,0.84,0.81,-0.19,-0.17,0.29,0.2,0.03,Age(,2,16,22,5
0.9,0.82,0.84,0.86,0.14,0.15,0.24,0.1,0.25,race(,2,16,22,5
0.82,0.9,0.92,0.86,0.06,0.09,0.08,0.18,0.28,sex(,2,16,23,5
0.77,1.0,0.91,0.87,0.01,0.12,0.08,0.23,0.35,Age(,2,16,23,5
0.78,0.98,0.9,0.87,0.06,0.13,0.07,0.22,0.34,race(,2,16,23,5
0.85,0.92,0.91,0.88,0.1,0.19,0.01,0.15,0.35,sex(,2,16,24,5
0.68,0.96,0.82,0.8,-0.03,-0.04,0.06,0.32,0.29,Age(,2,16,24,5
0.76,0.96,0.86,0.85,0.12,0.23,0.17,0.24,0.47,race(,2,16,24,5
1.0,0.92,0.97,0.96,0.01,0.03,0.16,0.0,0.03,sex(,2,16,25,5
0.97,0.97,0.97,0.97,-0.08,-0.03,0.2,0.03,0.0,Age(,2,16,25,5
0.97,0.97,0.97,0.97,-0.02,-0.03,0.16,0.03,0.0,race(,2,16,25,5
1.0,1.0,1.0,1.0,0.0,0.04,0.17,0.0,0.04,sex(,2,32,25,3
0.97,0.97,0.97,0.97,-0.01,0.01,0.13,0.03,0.04,Age(,2,32,25,3
0.97,0.98,0.97,0.97,-0.0,0.01,0.18,0.03,0.04,race(,2,32,25,3
1.0,1.0,1.0,1.0,-0.02,0.01,0.19,0.0,0.01,sex(,2,32,25,2
0.98,0.96,0.97,0.97,-0.02,-0.02,0.14,0.02,0.0,Age(,2,32,25,2
0.98,0.98,0.98,0.98,-0.03,-0.02,0.16,0.02,0.0,race(,2,32,25,2
1.0,1.0,1.0,1.0,-0.02,0.01,0.19,0.0,0.01,sex(,2,64,25,1
0.98,0.96,0.97,0.97,-0.02,-0.02,0.14,0.02,0.0,Age(,2,64,25,1
0.98,0.98,0.98,0.98,-0.03,-0.02,0.16,0.02,0.0,race(,2,64,25,1
0.92,0.92,0.94,0.92,-0.01,-0.04,0.11,0.08,0.04,sex(,2,32,24,3
0.97,0.97,0.97,0.97,0.05,0.12,0.15,0.03,0.14,Age(,2,32,24,3
0.97,0.97,0.97,0.97,0.02,0.03,0.1,0.03,0.06,race(,2,32,24,3
0.15,1.0,0.68,0.26,0.0,0.0,0.02,0.85,0.85,sex(,2,32,24,2
0.14,1.0,0.57,0.25,-0.04,-0.07,0.01,0.86,0.79,Age(,2,32,24,2
0.19,1.0,0.58,0.32,0.04,0.09,0.06,0.81,0.91,race(,2,32,24,2
0.92,0.92,0.94,0.92,0.02,0.0,0.09,0.08,0.08,sex(,2,64,24,1
0.94,0.99,0.96,0.96,0.02,0.08,0.13,0.06,0.14,Age(,2,64,24,1
0.93,0.98,0.96,0.95,0.01,0.03,0.09,0.07,0.09,race(,2,64,24,1
1.0,0.92,0.97,0.96,0.02,0.03,0.15,0.0,0.03,sex(,2,32,23,3
0.96,1.0,0.99,0.98,-0.09,-0.04,0.21,0.04,0.0,Age(,2,32,23,3
0.98,0.96,0.97,0.97,0.01,0.01,0.04,0.02,0.03,race(,2,32,23,3
1.0,0.92,0.97,0.96,0.0,0.0,0.16,0.0,0.0,sex(,2,32,23,2
1.0,1.0,1.0,1.0,-0.07,0.0,0.2,0.0,0.0,Age(,2,32,23,2
1.0,0.96,0.98,0.98,0.0,0.0,0.03,0.0,0.0,race(,2,32,23,2
1.0,0.92,0.97,0.96,0.0,0.0,0.16,0.0,0.0,sex(,2,64,23,1
1.0,1.0,1.0,1.0,-0.07,0.0,0.2,0.0,0.0,Age(,2,64,23,1
1.0,0.96,0.98,0.98,0.0,0.0,0.03,0.0,0.0,race(,2,64,23,1
1.0,1.0,1.0,1.0,-0.06,0.0,0.18,0.0,0.0,sex(,2,32,22,3
1.0,0.94,0.97,0.97,-0.08,0.0,0.21,0.0,0.0,Age(,2,32,22,3
1.0,0.91,0.95,0.95,0.04,0.0,0.18,0.0,0.0,race(,2,32,22,3
0.92,1.0,0.97,0.96,-0.05,0.0,0.16,0.08,0.09,sex(,2,32,22,2
0.9,0.95,0.93,0.92,-0.11,-0.04,0.23,0.1,0.06,Age(,2,32,22,2
0.94,0.92,0.92,0.93,0.08,0.11,0.21,0.06,0.17,race(,2,32,22,2
1.0,1.0,1.0,1.0,-0.06,0.0,0.18,0.0,0.0,sex(,2,64,22,1
1.0,0.94,0.97,0.97,-0.08,0.0,0.21,0.0,0.0,Age(,2,64,22,1
1.0,0.91,0.95,0.95,0.04,0.0,0.18,0.0,0.0,race(,2,64,22,1
0.94,0.84,0.91,0.89,-0.03,-0.06,0.07,0.06,0.0,sex(,2,32,21,3
0.98,0.9,0.95,0.94,-0.13,-0.02,0.27,0.02,0.0,Age(,2,32,21,3
0.98,0.87,0.93,0.92,0.0,-0.02,0.1,0.02,0.0,race(,2,32,21,3
1.0,1.0,1.0,1.0,-0.02,0.0,0.07,0.0,0.0,sex(,2,32,21,2
1.0,0.96,0.99,0.98,-0.02,0.0,0.17,0.0,0.0,Age(,2,32,21,2
1.0,0.95,0.98,0.97,0.02,0.0,0.13,0.0,0.0,race(,2,32,21,2
1.0,1.0,1.0,1.0,-0.02,0.0,0.07,0.0,0.0,sex(,2,64,21,1
1.0,0.96,0.99,0.98,-0.02,0.0,0.17,0.0,0.0,Age(,2,64,21,1
1.0,0.95,0.98,0.97,0.02,0.0,0.13,0.0,0.0,race(,2,64,21,1
0.92,1.0,0.98,0.96,-0.06,-0.08,0.2,0.08,0.0,sex(,2,32,20,3
0.98,0.98,0.99,0.98,-0.04,-0.02,0.23,0.02,0.0,Age(,2,32,20,3
1.0,0.97,0.98,0.98,0.04,0.06,0.23,0.0,0.06,race(,2,32,20,3
0.92,1.0,0.98,0.96,-0.02,-0.03,0.17,0.08,0.05,sex(,2,32,20,2
0.93,0.98,0.97,0.95,-0.03,-0.07,0.22,0.07,0.0,Age(,2,32,20,2
0.95,0.98,0.97,0.96,0.02,0.01,0.2,0.05,0.06,race(,2,32,20,2
1.0,1.0,1.0,1.0,-0.0,0.0,0.17,0.0,0.0,sex(,2,64,20,1
1.0,1.0,1.0,1.0,-0.03,0.0,0.23,0.0,0.0,Age(,2,64,20,1
1.0,0.98,0.99,0.99,0.01,0.0,0.21,0.0,0.0,race(,2,64,20,1
0.87,1.0,0.94,0.93,0.04,0.13,0.02,0.13,0.27,sex(,2,32,19,3
0.76,0.98,0.89,0.86,-0.05,0.01,0.15,0.24,0.25,Age(,2,32,19,3
0.79,0.94,0.87,0.86,0.07,0.11,0.1,0.21,0.31,race(,2,32,19,3
1.0,1.0,1.0,1.0,-0.01,0.04,0.08,0.0,0.04,sex(,2,32,19,2
0.95,0.98,0.97,0.96,-0.1,-0.05,0.22,0.05,0.0,Age(,2,32,19,2
0.97,0.93,0.95,0.95,0.02,-0.0,0.07,0.03,0.03,race(,2,32,19,2
0.87,1.0,0.94,0.93,0.11,0.27,0.04,0.13,0.4,sex(,2,64,19,1
0.59,0.97,0.81,0.73,-0.14,-0.16,0.22,0.41,0.25,Age(,2,64,19,1
0.76,0.92,0.85,0.83,0.2,0.32,0.22,0.24,0.56,race(,2,64,19,1
1.0,0.92,0.97,0.96,-0.0,0.0,0.08,0.0,0.0,sex(,2,32,18,3
1.0,0.94,0.97,0.97,-0.03,0.0,0.17,0.0,0.0,Age(,2,32,18,3
1.0,0.95,0.97,0.97,0.0,0.0,0.21,0.0,0.0,race(,2,32,18,3
1.0,0.92,0.97,0.96,0.04,0.09,0.05,0.0,0.09,sex(,2,32,18,2
0.9,0.93,0.93,0.91,-0.08,-0.1,0.21,0.1,0.0,Age(,2,32,18,2
0.93,0.95,0.94,0.94,0.01,0.02,0.2,0.07,0.09,race(,2,32,18,2
0.92,0.92,0.94,0.92,-0.03,-0.05,0.1,0.08,0.03,sex(,2,64,18,1
0.95,0.93,0.95,0.94,-0.06,-0.05,0.19,0.05,0.0,Age(,2,64,18,1
0.95,0.95,0.95,0.95,-0.02,-0.05,0.18,0.05,0.0,race(,2,64,18,1
1.0,0.92,0.97,0.96,-0.0,0.0,0.16,0.0,0.0,sex(,2,32,17,3
1.0,0.96,0.98,0.98,-0.02,0.0,0.09,0.0,0.0,Age(,2,32,17,3
1.0,0.92,0.96,0.96,0.04,0.0,0.14,0.0,0.0,race(,2,32,17,3
1.0,0.92,0.97,0.96,0.02,0.04,0.14,0.0,0.04,sex(,2,32,17,2
0.97,0.97,0.97,0.97,-0.03,0.01,0.09,0.03,0.04,Age(,2,32,17,2
0.98,0.94,0.96,0.96,0.06,0.05,0.15,0.02,0.06,race(,2,32,17,2
0.82,0.9,0.91,0.86,0.0,-0.02,0.13,0.18,0.16,sex(,2,64,17,1
0.8,0.98,0.9,0.88,-0.1,-0.11,0.15,0.2,0.08,Age(,2,64,17,1
0.88,0.95,0.91,0.91,0.1,0.14,0.17,0.12,0.26,race(,2,64,17,1
0.64,1.0,0.87,0.78,-0.01,0.02,0.1,0.36,0.38,sex(,2,32,16,3
0.67,0.98,0.83,0.8,0.08,0.23,0.1,0.33,0.56,Age(,2,32,16,3
0.64,0.95,0.81,0.76,0.02,0.05,0.03,0.36,0.41,race(,2,32,16,3
1.0,0.93,0.97,0.96,-0.0,0.0,0.15,0.0,0.0,sex(,2,32,16,2
1.0,0.96,0.98,0.98,-0.02,0.0,0.05,0.0,0.0,Age(,2,32,16,2
1.0,0.95,0.98,0.97,-0.0,0.0,0.0,0.0,0.0,race(,2,32,16,2
0.57,1.0,0.85,0.73,-0.02,0.0,0.1,0.43,0.43,sex(,2,64,16,1
0.57,0.98,0.78,0.72,-0.01,0.01,0.03,0.43,0.44,Age(,2,64,16,1
0.58,0.94,0.78,0.72,0.02,0.01,0.03,0.42,0.44,race(,2,64,16,1
0.83,1.0,0.93,0.91,-0.04,-0.04,0.04,0.17,0.13,sex(,2,32,15,3
0.88,0.94,0.93,0.91,0.01,0.04,0.16,0.12,0.17,Age(,2,32,15,3
0.86,0.94,0.9,0.9,0.0,-0.02,0.17,0.14,0.12,race(,2,32,15,3
0.92,1.0,0.96,0.96,-0.02,-0.01,0.02,0.08,0.07,sex(,2,32,15,2
0.91,0.96,0.95,0.93,-0.04,-0.05,0.22,0.09,0.04,Age(,2,32,15,2
0.93,0.95,0.94,0.94,0.03,0.01,0.2,0.07,0.08,race(,2,32,15,2
0.83,1.0,0.93,0.91,-0.05,-0.07,0.04,0.17,0.1,sex(,2,64,15,1
0.91,0.96,0.95,0.93,0.02,0.08,0.15,0.09,0.17,Age(,2,64,15,1
0.91,0.95,0.93,0.93,0.06,0.08,0.22,0.09,0.17,race(,2,64,15,1
0.5,1.0,0.84,0.67,-0.02,-0.01,0.1,0.5,0.49,sex(,2,32,14,3
0.47,1.0,0.76,0.64,-0.11,-0.14,0.11,0.53,0.39,Age(,2,32,14,3
0.56,0.94,0.78,0.7,0.1,0.16,0.1,0.44,0.6,race(,2,32,14,3
0.92,1.0,0.97,0.96,-0.02,-0.0,0.17,0.08,0.08,sex(,2,32,14,2
0.92,0.98,0.96,0.95,-0.02,0.01,0.04,0.08,0.09,Age(,2,32,14,2
0.93,0.95,0.94,0.94,0.04,0.03,0.06,0.07,0.1,race(,2,32,14,2
0.92,1.0,0.97,0.96,-0.0,0.02,0.15,0.08,0.11,sex(,2,64,14,1
0.88,1.0,0.94,0.94,-0.08,-0.08,0.09,0.12,0.04,Age(,2,64,14,1
0.95,0.96,0.96,0.95,0.09,0.15,0.11,0.05,0.2,race(,2,64,14,1
0.75,1.0,0.9,0.86,0.0,0.03,0.1,0.25,0.28,sex(,2,32,13,3
0.66,0.98,0.83,0.79,-0.14,-0.25,0.18,0.34,0.08,Age(,2,32,13,3
0.8,0.96,0.88,0.87,0.15,0.26,0.18,0.2,0.46,race(,2,32,13,3
1.0,1.0,1.0,1.0,-0.02,0.01,0.16,0.0,0.01,sex(,2,32,13,2
0.99,0.97,0.98,0.98,-0.04,-0.01,0.08,0.01,0.0,Age(,2,32,13,2
1.0,0.95,0.97,0.97,0.05,0.04,0.1,0.0,0.04,race(,2,32,13,2
0.5,1.0,0.8,0.67,-0.02,-0.02,0.09,0.5,0.48,sex(,2,64,13,1
0.56,1.0,0.79,0.72,0.07,0.19,0.05,0.44,0.62,Age(,2,64,13,1
0.55,0.97,0.76,0.7,0.08,0.13,0.09,0.45,0.58,race(,2,64,13,1
1.0,0.94,0.98,0.97,0.01,0.04,0.1,0.0,0.04,sex(,2,32,12,3
0.95,0.95,0.96,0.95,-0.08,-0.05,0.21,0.05,0.0,Age(,2,32,12,3
0.95,0.97,0.96,0.96,-0.04,-0.05,0.12,0.05,0.0,race(,2,32,12,3
1.0,1.0,1.0,1.0,0.02,0.1,0.09,0.0,0.1,sex(,2,32,12,2
0.92,0.95,0.94,0.93,-0.03,-0.01,0.16,0.08,0.07,Age(,2,32,12,2
0.92,0.98,0.95,0.95,-0.03,-0.01,0.12,0.08,0.07,race(,2,32,12,2
1.0,0.94,0.98,0.97,-0.01,0.0,0.11,0.0,0.0,sex(,2,64,12,1
1.0,0.95,0.98,0.97,-0.03,0.0,0.17,0.0,0.0,Age(,2,64,12,1
1.0,0.97,0.98,0.98,-0.01,0.0,0.16,0.0,0.0,race(,2,64,12,1
1.0,0.8,0.94,0.89,0.02,0.0,0.2,0.0,0.0,sex(,2,32,11,3
1.0,0.95,0.98,0.97,-0.04,0.0,0.11,0.0,0.0,Age(,2,32,11,3
1.0,0.95,0.97,0.97,0.0,0.0,0.1,0.0,0.0,race(,2,32,11,3
0.12,1.0,0.8,0.21,-0.02,-0.04,0.05,0.88,0.84,sex(,2,32,11,2
0.13,1.0,0.64,0.23,-0.06,-0.13,0.08,0.87,0.74,Age(,2,32,11,2
0.22,1.0,0.64,0.36,0.1,0.19,0.09,0.78,0.96,race(,2,32,11,2
0.88,0.88,0.94,0.88,-0.04,-0.07,0.23,0.12,0.05,sex(,2,64,11,1
0.95,0.97,0.97,0.96,-0.01,0.06,0.09,0.05,0.11,Age(,2,64,11,1
0.96,0.96,0.97,0.96,0.03,0.07,0.12,0.04,0.11,race(,2,64,11,1
1.0,0.91,0.97,0.95,0.03,0.04,0.12,0.0,0.04,sex(,2,32,10,3
0.95,0.97,0.97,0.96,-0.04,-0.05,0.2,0.05,0.0,Age(,2,32,10,3
0.98,0.96,0.97,0.97,0.03,0.05,0.09,0.02,0.07,race(,2,32,10,3
0.9,0.9,0.94,0.9,-0.0,-0.02,0.14,0.1,0.08,sex(,2,32,10,2
0.88,0.95,0.93,0.91,-0.07,-0.12,0.22,0.12,0.0,Age(,2,32,10,2
0.94,0.94,0.95,0.94,0.06,0.09,0.11,0.06,0.14,race(,2,32,10,2
1.0,0.91,0.97,0.95,0.0,0.0,0.14,0.0,0.0,sex(,2,64,10,1
1.0,0.95,0.98,0.97,-0.01,0.0,0.17,0.0,0.0,Age(,2,64,10,1
1.0,0.95,0.97,0.97,0.01,0.0,0.08,0.0,0.0,race(,2,64,10,1
0.79,1.0,0.91,0.88,-0.08,-0.09,0.12,0.21,0.13,sex(,2,32,9,3
0.9,0.94,0.92,0.92,0.07,0.14,0.01,0.1,0.24,Age(,2,32,9,3
0.8,0.95,0.88,0.87,-0.11,-0.2,0.04,0.2,0.0,race(,2,32,9,3
1.0,1.0,1.0,1.0,-0.02,0.05,0.07,0.0,0.05,sex(,2,32,9,2
0.94,0.94,0.94,0.94,-0.05,-0.06,0.12,0.06,0.0,Age(,2,32,9,2
0.94,0.94,0.94,0.94,-0.03,-0.06,0.04,0.06,0.0,race(,2,32,9,2
1.0,1.0,1.0,1.0,-0.02,0.03,0.08,0.0,0.03,sex(,2,64,9,1
0.97,0.94,0.96,0.95,-0.02,-0.03,0.09,0.03,0.0,Age(,2,64,9,1
0.97,0.96,0.96,0.96,-0.02,-0.03,0.05,0.03,0.0,race(,2,64,9,1
1.0,0.94,0.98,0.97,-0.0,0.0,0.16,0.0,0.0,sex(,2,32,8,3
1.0,0.98,0.99,0.99,-0.06,0.0,0.14,0.0,0.0,Age(,2,32,8,3
1.0,0.94,0.97,0.97,0.04,0.0,0.21,0.0,0.0,race(,2,32,8,3
0.88,0.88,0.92,0.88,-0.0,-0.02,0.13,0.12,0.1,sex(,2,32,8,2
0.89,0.97,0.94,0.93,-0.1,-0.02,0.16,0.11,0.1,Age(,2,32,8,2
0.92,0.9,0.9,0.91,0.1,0.08,0.24,0.08,0.16,race(,2,32,8,2
1.0,0.94,0.98,0.97,-0.0,0.0,0.16,0.0,0.0,sex(,2,64,8,1
1.0,0.98,0.99,0.99,-0.06,0.0,0.14,0.0,0.0,Age(,2,64,8,1
1.0,0.94,0.97,0.97,0.04,0.0,0.21,0.0,0.0,race(,2,64,8,1
0.92,1.0,0.97,0.96,0.02,0.04,0.12,0.08,0.13,sex(,2,32,7,3
0.85,1.0,0.93,0.92,-0.08,-0.11,0.12,0.15,0.04,Age(,2,32,7,3
0.89,0.98,0.93,0.93,0.02,0.03,0.13,0.11,0.14,race(,2,32,7,3
0.75,1.0,0.91,0.86,0.0,0.02,0.11,0.25,0.27,sex(,2,32,7,2
0.76,1.0,0.89,0.86,0.02,0.08,0.02,0.24,0.32,Age(,2,32,7,2
0.73,0.98,0.85,0.84,0.0,-0.02,0.09,0.27,0.25,race(,2,32,7,2
1.0,1.0,1.0,1.0,-0.02,0.0,0.17,0.0,0.0,sex(,2,64,7,1
1.0,0.97,0.99,0.98,-0.01,0.0,0.05,0.0,0.0,Age(,2,64,7,1
1.0,0.97,0.98,0.98,0.0,0.0,0.12,0.0,0.0,race(,2,64,7,1
1.0,0.93,0.97,0.96,0.02,0.07,0.09,0.0,0.07,sex(,2,32,6,3
0.93,0.96,0.96,0.94,-0.1,-0.03,0.21,0.07,0.04,Age(,2,32,6,3
0.95,0.93,0.94,0.94,0.02,0.02,0.13,0.05,0.07,race(,2,32,6,3
0.62,0.89,0.84,0.73,-0.0,-0.01,0.07,0.38,0.37,sex(,2,32,6,2
0.54,0.94,0.8,0.69,-0.18,-0.29,0.26,0.46,0.17,Age(,2,32,6,2
0.75,0.93,0.85,0.83,0.19,0.35,0.23,0.25,0.61,race(,2,32,6,2
0.85,1.0,0.95,0.92,-0.01,0.0,0.11,0.15,0.16,sex(,2,64,6,1
0.85,0.98,0.93,0.91,-0.02,0.01,0.12,0.15,0.17,Age(,2,64,6,1
0.87,0.98,0.93,0.92,0.04,0.09,0.13,0.13,0.21,race(,2,64,6,1
1.0,1.0,1.0,1.0,-0.01,0.0,0.06,0.0,0.0,sex(,2,32,5,3
1.0,1.0,1.0,1.0,-0.04,0.0,0.1,0.0,0.0,Age(,2,32,5,3
1.0,0.97,0.98,0.98,0.02,0.0,0.09,0.0,0.0,race(,2,32,5,3
0.81,1.0,0.92,0.9,0.1,0.19,0.05,0.19,0.38,sex(,2,32,5,2
0.65,1.0,0.85,0.79,-0.01,-0.02,0.04,0.35,0.33,Age(,2,32,5,2
0.76,1.0,0.88,0.86,0.16,0.31,0.18,0.24,0.55,race(,2,32,5,2
0.94,1.0,0.97,0.97,0.0,0.02,0.05,0.06,0.08,sex(,2,64,5,1
0.94,1.0,0.97,0.97,-0.01,0.06,0.06,0.06,0.12,Age(,2,64,5,1
0.97,0.97,0.97,0.97,0.08,0.14,0.14,0.03,0.17,race(,2,64,5,1
1.0,0.61,0.81,0.76,-0.24,0.0,0.36,0.0,0.0,sex(,2,32,4,3
1.0,0.51,0.61,0.68,-0.0,0.0,0.03,0.0,0.0,Age(,2,32,4,3
1.0,0.59,0.67,0.74,-0.02,0.0,0.03,0.0,0.0,race(,2,32,4,3
0.91,1.0,0.97,0.95,-0.06,-0.03,0.18,0.09,0.06,sex(,2,32,4,2
0.92,0.93,0.94,0.92,-0.08,-0.08,0.13,0.08,0.0,Age(,2,32,4,2
0.93,0.94,0.94,0.93,-0.03,-0.03,0.1,0.07,0.04,race(,2,32,4,2
0.82,1.0,0.94,0.9,-0.06,-0.05,0.17,0.18,0.13,sex(,2,64,4,1
0.83,0.94,0.91,0.88,-0.11,-0.12,0.15,0.17,0.05,Age(,2,64,4,1
0.83,0.94,0.9,0.88,-0.04,-0.08,0.08,0.17,0.08,race(,2,64,4,1
1.0,1.0,1.0,1.0,-0.01,0.02,0.14,0.0,0.02,sex(,2,32,3,3
0.97,0.97,0.97,0.97,-0.04,-0.03,0.25,0.03,0.0,Age(,2,32,3,3
0.97,0.96,0.96,0.96,0.02,-0.03,0.11,0.03,0.0,race(,2,32,3,3
1.0,1.0,1.0,1.0,0.0,0.02,0.13,0.0,0.02,sex(,2,32,3,2
0.99,1.0,0.99,0.99,-0.02,0.02,0.23,0.01,0.03,Age(,2,32,3,2
0.98,0.98,0.98,0.98,0.02,0.02,0.12,0.02,0.03,race(,2,32,3,2
0.92,1.0,0.97,0.96,-0.03,-0.02,0.15,0.08,0.06,sex(,2,64,3,1
0.94,0.97,0.96,0.95,-0.02,0.0,0.22,0.06,0.06,Age(,2,64,3,1
0.95,0.95,0.95,0.95,0.06,0.05,0.15,0.05,0.09,race(,2,64,3,1
1.0,0.91,0.97,0.95,-0.02,0.0,0.18,0.0,0.0,sex(,2,32,2,3
1.0,0.95,0.98,0.97,-0.07,0.0,0.12,0.0,0.0,Age(,2,32,2,3
1.0,0.92,0.96,0.96,0.02,0.0,0.21,0.0,0.0,race(,2,32,2,3
1.0,0.91,0.97,0.95,0.08,0.17,0.09,0.0,0.17,sex(,2,32,2,2
0.8,0.94,0.9,0.86,-0.15,-0.2,0.18,0.2,0.0,Age(,2,32,2,2
0.93,0.92,0.93,0.92,0.2,0.33,0.31,0.07,0.4,race(,2,32,2,2
1.0,0.91,0.97,0.95,-0.02,0.0,0.18,0.0,0.0,sex(,2,64,2,1
1.0,0.95,0.98,0.97,-0.07,0.0,0.12,0.0,0.0,Age(,2,64,2,1
1.0,0.92,0.96,0.96,0.02,0.0,0.21,0.0,0.0,race(,2,64,2,1
0.73,1.0,0.91,0.84,0.08,0.2,0.04,0.27,0.47,sex(,2,32,1,3
0.55,0.95,0.79,0.7,-0.02,-0.05,0.06,0.45,0.4,Age(,2,32,1,3
0.57,0.97,0.78,0.72,-0.0,0.0,0.02,0.43,0.43,race(,2,32,1,3
0.93,0.93,0.95,0.93,0.05,0.09,0.1,0.07,0.16,sex(,2,32,1,2
0.82,0.96,0.9,0.88,-0.08,-0.14,0.16,0.18,0.04,Age(,2,32,1,2
0.92,0.96,0.94,0.94,0.1,0.18,0.13,0.08,0.27,race(,2,32,1,2
0.73,0.92,0.89,0.81,-0.02,-0.05,0.14,0.27,0.21,sex(,3,96,1,1
0.82,0.96,0.9,0.88,0.06,0.14,0.01,0.18,0.32,Age(,3,96,1,1
0.8,0.96,0.89,0.87,0.04,0.07,0.07,0.2,0.27,race(,3,96,1,1
1.0,0.88,0.95,0.94,0.02,0.0,0.14,0.0,0.0,sex(,3,24,1,5
1.0,0.94,0.97,0.97,0.0,0.0,0.09,0.0,0.0,Age(,3,24,1,5
1.0,0.94,0.97,0.97,0.02,0.0,0.06,0.0,0.0,race(,3,24,1,5
1.0,0.43,0.64,0.6,0.08,0.03,0.01,0.0,0.03,sex(,3,24,2,5
0.97,0.67,0.79,0.79,-0.22,-0.03,0.27,0.03,0.0,Age(,3,24,2,5
0.97,0.67,0.75,0.79,0.03,-0.03,0.16,0.03,0.0,race(,3,24,2,5
1.0,1.0,1.0,1.0,-0.02,0.0,0.15,0.0,0.0,sex(,3,24,3,5
1.0,0.97,0.99,0.98,-0.02,0.0,0.24,0.0,0.0,Age(,3,24,3,5
1.0,0.96,0.97,0.98,0.03,0.0,0.13,0.0,0.0,race(,3,24,3,5
0.45,1.0,0.83,0.62,-0.06,-0.07,0.11,0.55,0.48,sex(,3,24,4,5
0.42,0.96,0.76,0.58,-0.24,-0.37,0.25,0.58,0.21,Age(,3,24,4,5
0.59,0.94,0.79,0.72,0.12,0.26,0.16,0.41,0.67,race(,3,24,4,5
1.0,1.0,1.0,1.0,-0.0,0.01,0.05,0.0,0.01,sex(,3,24,5,5
0.98,1.0,0.99,0.99,-0.05,-0.02,0.11,0.02,0.0,Age(,3,24,5,5
1.0,0.97,0.98,0.98,0.03,0.03,0.1,0.0,0.03,race(,3,24,5,5
1.0,0.93,0.97,0.96,-0.0,0.01,0.12,0.0,0.01,sex(,3,24,6,5
0.98,0.97,0.98,0.97,-0.1,-0.02,0.21,0.02,0.0,Age(,3,24,6,5
1.0,0.93,0.96,0.96,0.04,0.04,0.14,0.0,0.04,race(,3,24,6,5
0.92,1.0,0.97,0.96,0.03,0.09,0.1,0.08,0.18,sex(,3,24,7,5
0.82,0.98,0.91,0.89,-0.04,-0.06,0.08,0.18,0.12,Age(,3,24,7,5
0.83,0.96,0.89,0.89,0.0,-0.03,0.1,0.17,0.14,race(,3,24,7,5
0.94,0.94,0.96,0.94,-0.02,-0.03,0.16,0.06,0.03,sex(,3,24,8,5
0.95,0.98,0.97,0.96,-0.09,-0.05,0.16,0.05,0.0,Age(,3,24,8,5
0.97,0.93,0.95,0.95,0.04,0.01,0.21,0.03,0.04,race(,3,24,8,5
1.0,1.0,1.0,1.0,-0.04,0.0,0.09,0.0,0.0,sex(,3,24,9,5
1.0,0.94,0.97,0.97,-0.02,0.0,0.09,0.0,0.0,Age(,3,24,9,5
1.0,0.94,0.97,0.97,0.0,0.0,0.07,0.0,0.0,race(,3,24,9,5
1.0,0.91,0.97,0.95,0.02,0.01,0.13,0.0,0.01,sex(,3,24,10,5
0.98,0.97,0.98,0.97,-0.02,-0.02,0.18,0.02,0.0,Age(,3,24,10,5
0.98,0.95,0.97,0.96,0.02,-0.02,0.09,0.02,0.0,race(,3,24,10,5
1.0,0.8,0.94,0.89,0.02,0.01,0.2,0.0,0.01,sex(,3,24,11,5
0.98,0.95,0.97,0.96,-0.05,-0.02,0.12,0.02,0.0,Age(,3,24,11,5
0.98,0.95,0.97,0.96,-0.0,-0.02,0.1,0.02,0.0,race(,3,24,11,5
0.18,1.0,0.69,0.31,-0.03,-0.06,0.06,0.82,0.76,sex(,3,24,12,5
0.2,1.0,0.66,0.33,-0.07,-0.09,0.1,0.8,0.71,Age(,3,24,12,5
0.28,1.0,0.62,0.44,0.08,0.18,0.1,0.72,0.89,race(,3,24,12,5
0.19,1.0,0.68,0.32,0.03,0.07,0.01,0.81,0.89,sex(,3,24,13,5
0.13,1.0,0.57,0.23,-0.02,0.0,0.03,0.87,0.88,Age(,3,24,13,5
0.12,0.89,0.54,0.21,-0.01,-0.04,0.0,0.88,0.85,race(,3,24,13,5
0.67,1.0,0.89,0.8,0.04,0.12,0.06,0.33,0.45,sex(,3,24,14,5
0.55,1.0,0.79,0.71,-0.07,-0.06,0.08,0.45,0.39,Age(,3,24,14,5
0.65,0.95,0.82,0.77,0.14,0.25,0.14,0.35,0.6,race(,3,24,14,5
0.92,1.0,0.96,0.96,0.05,0.15,0.04,0.08,0.23,sex(,3,24,15,5
0.86,0.94,0.93,0.9,0.1,0.23,0.04,0.14,0.38,Age(,3,24,15,5
0.81,0.92,0.87,0.86,0.06,0.06,0.2,0.19,0.25,race(,3,24,15,5
0.93,1.0,0.97,0.96,0.02,0.08,0.11,0.07,0.16,sex(,3,24,16,5
0.83,0.97,0.9,0.89,-0.1,-0.17,0.01,0.17,0.0,Age(,3,24,16,5
0.78,0.98,0.89,0.87,-0.13,-0.22,0.12,0.22,0.0,race(,3,24,16,5
1.0,0.92,0.97,0.96,0.03,0.04,0.13,0.0,0.04,sex(,3,24,17,5
0.97,0.98,0.98,0.97,-0.04,0.01,0.1,0.03,0.04,Age(,3,24,17,5
0.98,0.95,0.97,0.96,0.05,0.05,0.14,0.02,0.06,race(,3,24,17,5
1.0,0.86,0.94,0.92,-0.01,0.0,0.09,0.0,0.0,sex(,3,24,18,5
1.0,0.86,0.93,0.92,0.0,0.0,0.13,0.0,0.0,Age(,3,24,18,5
1.0,0.88,0.93,0.94,0.04,0.0,0.23,0.0,0.0,race(,3,24,18,5
0.87,1.0,0.94,0.93,-0.03,0.0,0.09,0.13,0.13,sex(,3,24,19,5
0.86,0.98,0.93,0.92,-0.08,-0.01,0.19,0.14,0.12,Age(,3,24,19,5
0.9,0.93,0.91,0.91,0.06,0.08,0.11,0.1,0.19,race(,3,24,19,5
0.92,1.0,0.98,0.96,0.02,0.06,0.13,0.08,0.14,sex(,3,24,20,5
0.88,1.0,0.95,0.94,-0.02,0.01,0.2,0.12,0.13,Age(,3,24,20,5
0.85,0.98,0.92,0.91,-0.03,-0.09,0.16,0.15,0.06,race(,3,24,20,5
1.0,1.0,1.0,1.0,-0.02,0.0,0.07,0.0,0.0,sex(,3,24,21,5
1.0,0.96,0.99,0.98,-0.02,0.0,0.17,0.0,0.0,Age(,3,24,21,5
1.0,0.95,0.98,0.97,0.02,0.0,0.13,0.0,0.0,race(,3,24,21,5
1.0,1.0,1.0,1.0,-0.05,0.01,0.17,0.0,0.01,sex(,3,24,22,5
0.98,0.94,0.96,0.96,-0.09,-0.02,0.22,0.02,0.0,Age(,3,24,22,5
1.0,0.91,0.95,0.95,0.06,0.04,0.2,0.0,0.04,race(,3,24,22,5
0.73,0.8,0.87,0.76,-0.05,-0.1,0.16,0.27,0.17,sex(,3,24,23,5
0.74,1.0,0.9,0.85,-0.32,-0.26,0.42,0.26,0.0,Age(,3,24,23,5
0.9,0.87,0.9,0.88,0.16,0.25,0.17,0.1,0.34,race(,3,24,23,5
0.15,1.0,0.68,0.26,0.06,0.13,0.05,0.85,0.97,sex(,3,24,24,5
0.05,1.0,0.52,0.1,0.02,0.05,0.03,0.95,1.0,Age(,3,24,24,5
0.05,1.0,0.51,0.1,0.01,0.02,0.01,0.95,0.97,race(,3,24,24,5
1.0,1.0,1.0,1.0,0.05,0.15,0.11,0.0,0.15,sex(,3,24,25,5
0.85,0.97,0.92,0.91,-0.05,-0.07,0.16,0.15,0.08,Age(,3,24,25,5
0.86,0.98,0.91,0.92,-0.02,-0.03,0.14,0.14,0.12,race(,3,24,25,5
1.0,1.0,1.0,1.0,-0.02,0.0,0.2,0.0,0.0,sex(,3,48,25,3
1.0,0.96,0.98,0.98,-0.01,0.0,0.13,0.0,0.0,Age(,3,48,25,3
1.0,0.98,0.99,0.99,-0.02,0.0,0.17,0.0,0.0,race(,3,48,25,3
1.0,1.0,1.0,1.0,-0.02,0.01,0.19,0.0,0.01,sex(,3,48,25,2
0.98,0.96,0.97,0.97,-0.02,-0.02,0.14,0.02,0.0,Age(,3,48,25,2
0.98,0.98,0.98,0.98,-0.03,-0.02,0.16,0.02,0.0,race(,3,48,25,2
0.92,1.0,0.97,0.96,-0.03,-0.02,0.19,0.08,0.06,sex(,3,96,25,1
0.92,0.97,0.95,0.94,-0.03,-0.03,0.15,0.08,0.04,Age(,3,96,25,1
0.95,0.98,0.97,0.96,0.02,0.07,0.2,0.05,0.12,race(,3,96,25,1
1.0,0.93,0.97,0.96,0.06,0.08,0.06,0.0,0.08,sex(,3,48,24,3
0.92,0.99,0.95,0.95,-0.06,-0.08,0.07,0.08,0.0,Age(,3,48,24,3
0.93,0.98,0.96,0.95,-0.01,-0.01,0.07,0.07,0.06,race(,3,48,24,3
0.54,1.0,0.82,0.7,0.12,0.23,0.05,0.46,0.69,sex(,3,48,24,2
0.34,1.0,0.67,0.51,-0.01,-0.02,0.03,0.66,0.64,Age(,3,48,24,2
0.36,1.0,0.67,0.53,0.02,0.04,0.05,0.64,0.69,race(,3,48,24,2
1.0,0.87,0.94,0.93,0.04,0.0,0.07,0.0,0.0,sex(,3,96,24,1
1.0,0.96,0.98,0.98,0.0,0.0,0.12,0.0,0.0,Age(,3,96,24,1
1.0,0.95,0.97,0.97,0.02,0.0,0.1,0.0,0.0,race(,3,96,24,1
0.91,0.91,0.95,0.91,-0.02,-0.06,0.17,0.09,0.03,sex(,3,48,23,3
0.98,1.0,0.99,0.99,-0.04,0.07,0.16,0.02,0.09,Age(,3,48,23,3
0.98,0.96,0.97,0.97,0.03,0.05,0.05,0.02,0.07,race(,3,48,23,3
0.91,0.91,0.95,0.91,0.03,0.05,0.12,0.09,0.14,sex(,3,48,23,2
0.89,1.0,0.96,0.94,-0.02,0.11,0.13,0.11,0.22,Age(,3,48,23,2
0.92,0.96,0.95,0.94,0.08,0.16,0.1,0.08,0.24,race(,3,48,23,2
1.0,0.92,0.97,0.96,0.0,0.0,0.16,0.0,0.0,sex(,3,96,23,1
1.0,1.0,1.0,1.0,-0.07,0.0,0.2,0.0,0.0,Age(,3,96,23,1
1.0,0.96,0.98,0.98,0.0,0.0,0.03,0.0,0.0,race(,3,96,23,1
1.0,1.0,1.0,1.0,-0.06,0.0,0.18,0.0,0.0,sex(,3,48,22,3
1.0,0.94,0.97,0.97,-0.08,0.0,0.21,0.0,0.0,Age(,3,48,22,3
1.0,0.91,0.95,0.95,0.04,0.0,0.18,0.0,0.0,race(,3,48,22,3
1.0,1.0,1.0,1.0,-0.04,0.04,0.16,0.0,0.04,sex(,3,48,22,2
0.95,0.93,0.95,0.94,-0.11,-0.05,0.24,0.05,0.0,Age(,3,48,22,2
0.99,0.91,0.94,0.95,0.07,0.07,0.2,0.01,0.08,race(,3,48,22,2
1.0,1.0,1.0,1.0,-0.05,0.01,0.17,0.0,0.01,sex(,3,96,22,1
0.98,0.94,0.96,0.96,-0.09,-0.02,0.22,0.02,0.0,Age(,3,96,22,1
0.99,0.91,0.94,0.95,0.03,-0.01,0.17,0.01,0.0,race(,3,96,22,1
1.0,1.0,1.0,1.0,-0.02,0.0,0.07,0.0,0.0,sex(,3,48,21,3
1.0,0.96,0.99,0.98,-0.02,0.0,0.17,0.0,0.0,Age(,3,48,21,3
1.0,0.95,0.98,0.97,0.02,0.0,0.13,0.0,0.0,race(,3,48,21,3
1.0,1.0,1.0,1.0,-0.02,0.0,0.07,0.0,0.0,sex(,3,48,21,2
1.0,0.96,0.99,0.98,-0.02,0.0,0.17,0.0,0.0,Age(,3,48,21,2
1.0,0.95,0.98,0.97,0.02,0.0,0.13,0.0,0.0,race(,3,48,21,2
0.82,1.0,0.93,0.9,-0.01,-0.01,0.05,0.18,0.16,sex(,3,96,21,1
0.8,0.98,0.92,0.88,-0.05,-0.11,0.18,0.2,0.09,Age(,3,96,21,1
0.87,0.98,0.93,0.92,0.06,0.12,0.14,0.13,0.25,race(,3,96,21,1
0.92,1.0,0.98,0.96,0.02,0.06,0.13,0.08,0.14,sex(,3,48,20,3
0.86,1.0,0.95,0.92,-0.06,-0.06,0.23,0.14,0.09,Age(,3,48,20,3
0.89,0.98,0.94,0.93,0.04,0.05,0.2,0.11,0.17,race(,3,48,20,3
0.77,1.0,0.93,0.87,0.02,0.06,0.11,0.23,0.29,sex(,3,48,20,2
0.84,1.0,0.94,0.91,0.17,0.4,0.04,0.16,0.57,Age(,3,48,20,2
0.69,0.98,0.84,0.81,-0.06,-0.14,0.11,0.31,0.17,race(,3,48,20,2
1.0,1.0,1.0,1.0,-0.02,0.0,0.18,0.0,0.0,sex(,3,96,20,1
1.0,0.98,0.99,0.99,-0.02,0.0,0.22,0.0,0.0,Age(,3,96,20,1
1.0,0.97,0.98,0.98,0.02,0.0,0.22,0.0,0.0,race(,3,96,20,1
0.87,1.0,0.94,0.93,0.01,0.07,0.05,0.13,0.2,sex(,3,48,19,3
0.76,0.98,0.89,0.86,-0.13,-0.15,0.24,0.24,0.09,Age(,3,48,19,3
0.86,0.94,0.91,0.9,0.08,0.14,0.12,0.14,0.28,race(,3,48,19,3
0.93,1.0,0.97,0.96,-0.03,-0.01,0.1,0.07,0.05,sex(,3,48,19,2
0.91,0.98,0.96,0.94,-0.12,-0.09,0.24,0.09,0.0,Age(,3,48,19,2
0.97,0.93,0.95,0.95,0.05,0.06,0.1,0.03,0.09,race(,3,48,19,2
0.93,1.0,0.97,0.96,-0.03,0.0,0.1,0.07,0.07,sex(,3,96,19,1
0.9,0.96,0.94,0.93,-0.1,-0.1,0.22,0.1,0.0,Age(,3,96,19,1
0.93,0.95,0.94,0.94,-0.0,-0.01,0.05,0.07,0.06,race(,3,96,19,1
0.92,0.92,0.94,0.92,-0.01,0.0,0.08,0.08,0.09,sex(,3,48,18,3
0.88,0.91,0.92,0.89,-0.08,-0.12,0.21,0.12,0.0,Age(,3,48,18,3
0.93,0.93,0.93,0.93,0.04,0.07,0.22,0.07,0.14,race(,3,48,18,3
0.5,1.0,0.82,0.67,-0.13,-0.23,0.16,0.5,0.27,sex(,3,48,18,2
0.75,0.94,0.88,0.83,0.1,0.18,0.01,0.25,0.43,Age(,3,48,18,2
0.73,0.98,0.85,0.84,0.06,0.14,0.19,0.27,0.41,race(,3,48,18,2
1.0,0.92,0.97,0.96,0.01,0.03,0.07,0.0,0.03,sex(,3,96,18,1
0.97,0.93,0.96,0.95,-0.04,-0.03,0.18,0.03,0.0,Age(,3,96,18,1
0.97,0.95,0.96,0.96,-0.02,-0.03,0.19,0.03,0.0,race(,3,96,18,1
1.0,0.92,0.97,0.96,-0.0,0.0,0.16,0.0,0.0,sex(,3,48,17,3
1.0,0.96,0.98,0.98,-0.02,0.0,0.09,0.0,0.0,Age(,3,48,17,3
1.0,0.92,0.96,0.96,0.04,0.0,0.14,0.0,0.0,race(,3,48,17,3
0.91,0.91,0.94,0.91,0.0,-0.01,0.14,0.09,0.08,sex(,3,48,17,2
0.92,0.98,0.96,0.95,-0.04,0.01,0.09,0.08,0.08,Age(,3,48,17,2
0.93,0.95,0.94,0.94,0.04,0.03,0.13,0.07,0.1,race(,3,48,17,2
1.0,0.92,0.97,0.96,0.0,0.0,0.16,0.0,0.0,sex(,3,96,17,1
1.0,0.97,0.99,0.98,-0.04,0.0,0.1,0.0,0.0,Age(,3,96,17,1
1.0,0.94,0.97,0.97,0.04,0.0,0.13,0.0,0.0,race(,3,96,17,1
1.0,1.0,1.0,1.0,-0.01,0.03,0.16,0.0,0.03,sex(,3,48,16,3
0.97,0.97,0.97,0.97,-0.04,-0.03,0.03,0.03,0.0,Age(,3,48,16,3
0.97,0.97,0.97,0.97,-0.02,-0.03,0.02,0.03,0.0,race(,3,48,16,3
0.71,1.0,0.9,0.83,0.09,0.21,0.01,0.29,0.49,sex(,3,48,16,2
0.55,1.0,0.78,0.71,-0.02,0.05,0.01,0.45,0.5,Age(,3,48,16,2
0.58,0.97,0.79,0.73,0.05,0.11,0.05,0.42,0.53,race(,3,48,16,2
0.57,1.0,0.85,0.73,0.05,0.1,0.04,0.43,0.53,sex(,3,96,16,1
0.52,1.0,0.76,0.68,0.08,0.21,0.1,0.48,0.69,Age(,3,96,16,1
0.54,0.97,0.77,0.69,0.1,0.17,0.09,0.46,0.62,race(,3,96,16,1
0.92,1.0,0.96,0.96,-0.06,-0.07,0.06,0.08,0.01,sex(,3,48,15,3
0.98,0.93,0.97,0.95,0.0,0.02,0.18,0.02,0.04,Age(,3,48,15,3
0.96,0.93,0.95,0.94,0.01,-0.04,0.19,0.04,0.0,race(,3,48,15,3
1.0,1.0,1.0,1.0,-0.01,0.03,0.02,0.0,0.03,sex(,3,48,15,2
0.98,0.93,0.97,0.95,0.0,0.02,0.18,0.02,0.04,Age(,3,48,15,2
1.0,0.93,0.96,0.96,0.06,0.08,0.23,0.0,0.08,race(,3,48,15,2
0.92,1.0,0.96,0.96,-0.04,-0.05,0.05,0.08,0.03,sex(,3,96,15,1
0.96,0.95,0.97,0.95,-0.01,0.01,0.2,0.04,0.04,Age(,3,96,15,1
0.96,0.93,0.95,0.94,0.04,0.01,0.21,0.04,0.04,race(,3,96,15,1
0.75,1.0,0.92,0.86,0.15,0.34,0.02,0.25,0.59,sex(,3,48,14,3
0.42,1.0,0.74,0.59,-0.13,-0.14,0.14,0.58,0.43,Age(,3,48,14,3
0.47,0.9,0.73,0.62,0.04,0.04,0.05,0.53,0.57,race(,3,48,14,3
0.25,1.0,0.76,0.4,-0.02,-0.02,0.06,0.75,0.73,sex(,3,48,14,2
0.17,1.0,0.62,0.29,-0.19,-0.35,0.19,0.83,0.48,Age(,3,48,14,2
0.3,0.94,0.66,0.45,0.06,0.1,0.06,0.7,0.8,race(,3,48,14,2
0.92,1.0,0.97,0.96,0.03,0.09,0.12,0.08,0.17,sex(,3,96,14,1
0.81,1.0,0.91,0.9,-0.09,-0.1,0.1,0.19,0.09,Age(,3,96,14,1
0.88,0.96,0.93,0.92,0.07,0.11,0.09,0.12,0.23,race(,3,96,14,1
1.0,1.0,1.0,1.0,-0.02,0.0,0.16,0.0,0.0,sex(,3,48,13,3
1.0,0.97,0.99,0.98,-0.01,0.0,0.05,0.0,0.0,Age(,3,48,13,3
1.0,0.96,0.98,0.98,0.02,0.0,0.07,0.0,0.0,race(,3,48,13,3
0.94,1.0,0.98,0.97,-0.06,-0.05,0.18,0.06,0.01,sex(,3,48,13,2
0.97,0.97,0.97,0.97,-0.05,-0.03,0.09,0.03,0.0,Age(,3,48,13,2
0.97,0.94,0.96,0.95,0.02,-0.03,0.07,0.03,0.0,race(,3,48,13,2
0.94,1.0,0.98,0.97,-0.01,0.01,0.14,0.06,0.08,sex(,3,96,13,1
0.92,0.98,0.95,0.95,-0.04,-0.04,0.08,0.08,0.04,Age(,3,96,13,1
0.93,0.97,0.95,0.95,0.02,0.0,0.06,0.07,0.08,race(,3,96,13,1
1.0,1.0,1.0,1.0,0.05,0.18,0.05,0.0,0.18,sex(,3,48,12,3
0.88,0.95,0.93,0.91,0.02,0.1,0.1,0.12,0.21,Age(,3,48,12,3
0.88,0.98,0.93,0.93,0.02,0.1,0.15,0.12,0.21,race(,3,48,12,3
0.94,1.0,0.98,0.97,0.01,0.07,0.1,0.06,0.13,sex(,3,48,12,2
0.88,0.95,0.93,0.91,-0.01,-0.01,0.14,0.12,0.11,Age(,3,48,12,2
0.87,0.98,0.92,0.92,-0.05,-0.06,0.11,0.13,0.07,race(,3,48,12,2
1.0,0.94,0.98,0.97,0.0,0.03,0.11,0.0,0.03,sex(,3,96,12,1
0.98,0.95,0.97,0.96,-0.04,0.02,0.18,0.02,0.04,Age(,3,96,12,1
0.98,0.97,0.97,0.97,-0.01,0.02,0.15,0.02,0.04,race(,3,96,12,1
0.88,0.78,0.91,0.83,0.01,-0.04,0.19,0.12,0.08,sex(,3,48,11,3
0.94,0.97,0.96,0.95,0.0,0.09,0.07,0.06,0.16,Age(,3,48,11,3
0.93,0.94,0.94,0.93,0.04,0.04,0.12,0.07,0.11,race(,3,48,11,3
0.75,0.86,0.91,0.8,-0.04,-0.09,0.2,0.25,0.16,sex(,3,48,11,2
0.82,0.98,0.92,0.89,-0.06,-0.02,0.12,0.18,0.16,Age(,3,48,11,2
0.83,0.96,0.91,0.89,0.02,0.02,0.1,0.17,0.19,race(,3,48,11,2
0.88,0.78,0.91,0.83,-0.02,-0.08,0.21,0.12,0.04,sex(,3,96,11,1
0.97,0.95,0.97,0.96,0.0,0.07,0.07,0.03,0.11,Age(,3,96,11,1
0.93,0.94,0.94,0.93,-0.03,-0.07,0.07,0.07,0.0,race(,3,96,11,1
0.9,0.9,0.94,0.9,-0.03,-0.07,0.16,0.1,0.03,sex(,3,48,10,3
0.97,0.95,0.97,0.96,-0.0,0.01,0.16,0.03,0.04,Age(,3,48,10,3
0.96,0.95,0.96,0.95,0.01,-0.0,0.08,0.04,0.04,race(,3,48,10,3
1.0,0.91,0.97,0.95,0.06,0.12,0.09,0.0,0.12,sex(,3,48,10,2
0.86,0.94,0.93,0.9,-0.06,-0.09,0.2,0.14,0.04,Age(,3,48,10,2
0.93,0.94,0.94,0.93,0.06,0.1,0.12,0.07,0.18,race(,3,48,10,2
0.5,1.0,0.85,0.67,0.02,0.04,0.06,0.5,0.54,sex(,3,96,10,1
0.44,1.0,0.78,0.61,-0.04,-0.08,0.12,0.56,0.48,Age(,3,96,10,1
0.5,1.0,0.77,0.67,0.06,0.11,0.08,0.5,0.61,race(,3,96,10,1
1.0,1.0,1.0,1.0,0.03,0.12,0.03,0.0,0.12,sex(,3,48,9,3
0.88,0.94,0.92,0.91,-0.04,-0.08,0.11,0.12,0.04,Age(,3,48,9,3
0.86,0.95,0.91,0.9,-0.08,-0.14,0.01,0.14,0.0,race(,3,48,9,3
1.0,1.0,1.0,1.0,-0.04,0.0,0.09,0.0,0.0,sex(,3,48,9,2
1.0,0.94,0.97,0.97,-0.02,0.0,0.09,0.0,0.0,Age(,3,48,9,2
1.0,0.94,0.97,0.97,0.0,0.0,0.07,0.0,0.0,race(,3,48,9,2
1.0,1.0,1.0,1.0,-0.02,0.03,0.08,0.0,0.03,sex(,3,96,9,1
0.97,0.94,0.96,0.95,-0.04,-0.03,0.11,0.03,0.0,Age(,3,96,9,1
0.98,0.94,0.96,0.96,0.01,0.02,0.08,0.02,0.04,race(,3,96,9,1
1.0,0.94,0.98,0.97,-0.0,0.0,0.16,0.0,0.0,sex(,3,48,8,3
1.0,0.98,0.99,0.99,-0.06,0.0,0.14,0.0,0.0,Age(,3,48,8,3
1.0,0.94,0.97,0.97,0.04,0.0,0.21,0.0,0.0,race(,3,48,8,3
1.0,0.94,0.98,0.97,0.0,0.01,0.15,0.0,0.01,sex(,3,48,8,2
0.98,0.98,0.99,0.98,-0.08,-0.02,0.15,0.02,0.0,Age(,3,48,8,2
0.98,0.94,0.96,0.96,0.02,-0.02,0.21,0.02,0.0,race(,3,48,8,2
0.88,1.0,0.96,0.94,-0.03,-0.02,0.17,0.12,0.1,sex(,3,96,8,1
0.87,1.0,0.95,0.93,-0.11,-0.08,0.18,0.13,0.05,Age(,3,96,8,1
0.92,0.95,0.93,0.93,0.06,0.08,0.22,0.08,0.16,race(,3,96,8,1
1.0,1.0,1.0,1.0,0.01,0.06,0.14,0.0,0.06,sex(,3,48,7,3
0.92,0.97,0.95,0.94,-0.05,-0.08,0.09,0.08,0.0,Age(,3,48,7,3
0.95,0.97,0.96,0.96,0.02,0.02,0.13,0.05,0.07,race(,3,48,7,3
1.0,1.0,1.0,1.0,-0.01,0.03,0.16,0.0,0.03,sex(,3,48,7,2
0.97,0.97,0.97,0.97,-0.02,-0.03,0.07,0.03,0.0,Age(,3,48,7,2
0.97,0.97,0.97,0.97,-0.01,-0.03,0.11,0.03,0.0,race(,3,48,7,2
0.83,1.0,0.94,0.91,-0.08,-0.12,0.2,0.17,0.05,sex(,3,96,7,1
0.94,0.98,0.96,0.96,-0.0,0.02,0.05,0.06,0.08,Age(,3,96,7,1
0.97,0.98,0.98,0.97,0.05,0.11,0.16,0.03,0.14,race(,3,96,7,1
1.0,0.93,0.97,0.96,0.08,0.16,0.04,0.0,0.16,sex(,3,48,6,3
0.85,0.98,0.93,0.91,-0.1,-0.07,0.21,0.15,0.08,Age(,3,48,6,3
0.87,0.96,0.92,0.91,0.0,0.02,0.1,0.13,0.14,race(,3,48,6,3
1.0,0.93,0.97,0.96,-0.02,0.0,0.13,0.0,0.0,sex(,3,48,6,2
1.0,0.95,0.98,0.97,-0.08,0.0,0.2,0.0,0.0,Age(,3,48,6,2
1.0,0.93,0.96,0.96,0.0,0.0,0.11,0.0,0.0,race(,3,48,6,2
1.0,0.93,0.97,0.96,-0.0,0.01,0.12,0.0,0.01,sex(,3,96,6,1
0.98,0.95,0.97,0.96,-0.06,-0.02,0.18,0.02,0.0,Age(,3,96,6,1
0.98,0.95,0.96,0.96,-0.02,-0.02,0.1,0.02,0.0,race(,3,96,6,1
0.88,1.0,0.95,0.94,0.04,0.07,0.01,0.12,0.2,sex(,3,48,5,3
0.86,1.0,0.94,0.92,0.08,0.15,0.03,0.14,0.29,Age(,3,48,5,3
0.84,1.0,0.92,0.91,0.04,0.09,0.09,0.16,0.24,race(,3,48,5,3
1.0,1.0,1.0,1.0,-0.02,0.0,0.07,0.0,0.0,sex(,3,48,5,2
1.0,0.98,0.99,0.99,-0.04,0.0,0.09,0.0,0.0,Age(,3,48,5,2
1.0,0.95,0.98,0.97,0.02,0.0,0.09,0.0,0.0,race(,3,48,5,2
0.94,1.0,0.97,0.97,0.0,0.01,0.04,0.06,0.07,sex(,3,96,5,1
0.95,1.0,0.98,0.97,0.04,0.08,0.01,0.05,0.12,Age(,3,96,5,1
0.95,1.0,0.98,0.97,0.02,0.05,0.09,0.05,0.1,race(,3,96,5,1
0.82,0.9,0.92,0.86,-0.07,-0.11,0.16,0.18,0.07,sex(,3,48,4,3
0.9,0.93,0.93,0.91,-0.07,-0.05,0.11,0.1,0.05,Age(,3,48,4,3
0.89,0.92,0.91,0.9,-0.03,-0.07,0.11,0.11,0.04,race(,3,48,4,3
0.82,1.0,0.94,0.9,-0.09,-0.11,0.19,0.18,0.07,sex(,3,48,4,2
0.9,0.95,0.94,0.92,-0.08,-0.05,0.12,0.1,0.05,Age(,3,48,4,2
0.89,0.94,0.92,0.91,-0.04,-0.07,0.1,0.11,0.04,race(,3,48,4,2
1.0,0.92,0.97,0.96,-0.02,0.0,0.15,0.0,0.0,sex(,3,96,4,1
1.0,0.92,0.97,0.96,-0.04,0.0,0.09,0.0,0.0,Age(,3,96,4,1
1.0,0.93,0.97,0.96,-0.0,0.0,0.13,0.0,0.0,race(,3,96,4,1
0.92,1.0,0.97,0.96,0.06,0.13,0.06,0.08,0.21,sex(,3,48,3,3
0.84,1.0,0.92,0.91,0.01,0.09,0.15,0.16,0.26,Age(,3,48,3,3
0.77,0.98,0.87,0.86,-0.04,-0.1,0.04,0.23,0.12,race(,3,48,3,3
0.92,0.92,0.94,0.92,-0.01,-0.03,0.13,0.08,0.05,sex(,3,48,3,2
0.94,0.95,0.95,0.94,-0.03,-0.03,0.23,0.06,0.03,Age(,3,48,3,2
0.95,0.95,0.95,0.95,0.02,0.02,0.12,0.05,0.06,race(,3,48,3,2
0.62,1.0,0.84,0.77,0.08,0.18,0.01,0.38,0.56,sex(,3,96,3,1
0.43,1.0,0.74,0.6,-0.08,-0.08,0.18,0.57,0.48,Age(,3,96,3,1
0.48,0.97,0.71,0.64,0.05,0.08,0.09,0.52,0.59,race(,3,96,3,1
1.0,0.91,0.97,0.95,0.01,0.04,0.16,0.0,0.04,sex(,3,48,2,3
0.98,0.95,0.97,0.96,-0.03,0.09,0.08,0.02,0.11,Age(,3,48,2,3
0.98,0.92,0.95,0.95,0.06,0.08,0.23,0.02,0.1,race(,3,48,2,3
0.5,1.0,0.86,0.67,-0.02,-0.02,0.11,0.5,0.48,sex(,3,48,2,2
0.48,0.94,0.78,0.64,-0.08,-0.15,0.1,0.52,0.37,Age(,3,48,2,2
0.51,0.91,0.74,0.65,0.01,-0.04,0.12,0.49,0.45,race(,3,48,2,2
1.0,0.91,0.97,0.95,0.01,0.04,0.16,0.0,0.04,sex(,3,96,2,1
0.95,0.95,0.96,0.95,-0.1,-0.05,0.14,0.05,0.0,Age(,3,96,2,1
0.97,0.92,0.94,0.94,0.03,0.02,0.21,0.03,0.05,race(,3,96,2,1
1.0,0.94,0.98,0.97,0.07,0.13,0.09,0.0,0.13,sex(,3,48,1,3
0.88,0.97,0.93,0.92,-0.03,-0.04,0.11,0.12,0.08,Age(,3,48,1,3
0.88,0.96,0.93,0.92,-0.0,-0.02,0.04,0.12,0.1,race(,3,48,1,3
1.0,0.94,0.98,0.97,0.04,0.07,0.13,0.0,0.07,sex(,3,48,1,2
0.94,0.97,0.96,0.95,-0.02,-0.02,0.11,0.06,0.04,Age(,3,48,1,2
0.95,0.97,0.96,0.96,0.02,0.02,0.05,0.05,0.07,race(,3,48,1,2
0.93,1.0,0.98,0.96,0.01,0.04,0.15,0.07,0.11,sex(,5,160,1,1
0.88,0.97,0.93,0.92,-0.03,-0.08,0.11,0.12,0.04,Age(,5,160,1,1
0.92,0.98,0.95,0.95,0.02,0.05,0.06,0.08,0.13,race(,5,160,1,1
0.8,1.0,0.93,0.89,-0.04,-0.04,0.17,0.2,0.16,sex(,5,40,1,5
0.82,0.96,0.9,0.88,-0.02,-0.06,0.1,0.18,0.12,Age(,5,40,1,5
0.87,0.98,0.93,0.92,0.05,0.1,0.08,0.13,0.23,race(,5,40,1,5
0.8,1.0,0.94,0.89,0.0,0.06,0.13,0.2,0.26,sex(,5,40,2,5
0.68,0.95,0.86,0.79,-0.16,-0.26,0.19,0.32,0.05,Age(,5,40,2,5
0.81,0.92,0.88,0.86,0.16,0.26,0.27,0.19,0.45,race(,5,40,2,5
0.08,1.0,0.62,0.15,-0.02,-0.04,0.03,0.92,0.88,sex(,5,40,3,5
0.07,1.0,0.57,0.13,-0.06,-0.12,0.1,0.93,0.81,Age(,5,40,3,5
0.11,1.0,0.5,0.2,-0.01,-0.02,0.0,0.89,0.88,race(,5,40,3,5
1.0,0.92,0.97,0.96,-0.02,0.0,0.15,0.0,0.0,sex(,5,40,4,5
1.0,0.92,0.97,0.96,-0.04,0.0,0.09,0.0,0.0,Age(,5,40,4,5
1.0,0.92,0.96,0.96,0.01,0.0,0.15,0.0,0.0,race(,5,40,4,5
0.12,1.0,0.63,0.21,-0.05,-0.1,0.05,0.88,0.77,sex(,5,40,5,5
0.22,1.0,0.65,0.36,0.03,0.06,0.02,0.78,0.83,Age(,5,40,5,5
0.24,1.0,0.63,0.39,0.05,0.1,0.06,0.76,0.86,race(,5,40,5,5
0.46,1.0,0.82,0.63,-0.06,-0.07,0.1,0.54,0.47,sex(,5,40,6,5
0.61,0.95,0.83,0.74,0.15,0.32,0.08,0.39,0.71,Age(,5,40,6,5
0.56,0.97,0.78,0.71,0.06,0.14,0.1,0.44,0.57,race(,5,40,6,5
0.92,1.0,0.97,0.96,-0.05,-0.06,0.19,0.08,0.03,sex(,5,40,7,5
0.95,0.97,0.96,0.96,-0.04,-0.05,0.07,0.05,0.0,Age(,5,40,7,5
0.98,0.97,0.98,0.97,0.03,0.06,0.14,0.02,0.07,race(,5,40,7,5
0.75,1.0,0.92,0.86,-0.07,-0.1,0.19,0.25,0.15,sex(,5,40,8,5
0.83,1.0,0.93,0.91,-0.08,-0.03,0.15,0.17,0.14,Age(,5,40,8,5
0.85,0.94,0.9,0.89,0.05,0.05,0.19,0.15,0.2,race(,5,40,8,5
1.0,1.0,1.0,1.0,0.0,0.08,0.06,0.0,0.08,sex(,5,40,9,5
0.91,0.94,0.93,0.92,-0.06,-0.09,0.14,0.09,0.0,Age(,5,40,9,5
0.91,0.94,0.92,0.92,-0.04,-0.09,0.03,0.09,0.0,race(,5,40,9,5
0.3,1.0,0.79,0.46,-0.16,-0.26,0.19,0.7,0.44,sex(,5,40,10,5
0.51,0.88,0.78,0.65,-0.01,-0.06,0.09,0.49,0.43,Age(,5,40,10,5
0.57,0.91,0.78,0.7,0.08,0.15,0.11,0.43,0.57,race(,5,40,10,5
1.0,0.8,0.94,0.89,0.04,0.03,0.19,0.0,0.03,sex(,5,40,11,5
0.97,0.95,0.97,0.96,-0.05,-0.03,0.12,0.03,0.0,Age(,5,40,11,5
0.98,0.95,0.97,0.96,0.02,0.02,0.11,0.02,0.04,race(,5,40,11,5
1.0,1.0,1.0,1.0,0.04,0.14,0.07,0.0,0.14,sex(,5,40,12,5
0.92,0.95,0.94,0.93,0.02,0.1,0.1,0.08,0.18,Age(,5,40,12,5
0.88,0.98,0.93,0.93,-0.03,-0.01,0.12,0.12,0.11,race(,5,40,12,5
0.75,1.0,0.9,0.86,-0.02,-0.02,0.12,0.25,0.23,sex(,5,40,13,5
0.82,0.98,0.9,0.89,0.1,0.19,0.07,0.18,0.38,Age(,5,40,13,5
0.78,0.98,0.88,0.87,0.04,0.05,0.07,0.22,0.27,race(,5,40,13,5
0.75,1.0,0.92,0.86,-0.12,-0.17,0.24,0.25,0.08,sex(,5,40,14,5
0.88,0.98,0.94,0.93,-0.11,-0.08,0.13,0.12,0.04,Age(,5,40,14,5
0.93,0.91,0.93,0.92,0.09,0.1,0.11,0.07,0.17,race(,5,40,14,5
0.83,1.0,0.93,0.91,0.02,0.07,0.01,0.17,0.23,sex(,5,40,15,5
0.75,0.96,0.89,0.84,-0.06,-0.08,0.21,0.25,0.17,Age(,5,40,15,5
0.84,0.94,0.89,0.89,0.14,0.22,0.25,0.16,0.38,race(,5,40,15,5
0.79,1.0,0.92,0.88,0.06,0.16,0.05,0.21,0.38,sex(,5,40,16,5
0.57,0.98,0.78,0.72,-0.25,-0.43,0.17,0.43,0.0,Age(,5,40,16,5
0.71,0.98,0.85,0.82,0.07,0.18,0.07,0.29,0.47,race(,5,40,16,5
1.0,0.92,0.97,0.96,0.0,0.0,0.16,0.0,0.0,sex(,5,40,17,5
1.0,0.97,0.99,0.98,-0.04,0.0,0.1,0.0,0.0,Age(,5,40,17,5
1.0,0.94,0.97,0.97,0.04,0.0,0.13,0.0,0.0,race(,5,40,17,5
0.92,0.92,0.94,0.92,-0.02,-0.03,0.08,0.08,0.06,sex(,5,40,18,5
0.92,0.93,0.94,0.92,-0.04,-0.08,0.18,0.08,0.0,Age(,5,40,18,5
0.95,0.97,0.96,0.96,0.01,0.04,0.2,0.05,0.09,race(,5,40,18,5
1.0,1.0,1.0,1.0,-0.04,0.0,0.11,0.0,0.0,sex(,5,40,19,5
1.0,0.97,0.99,0.98,-0.07,0.0,0.2,0.0,0.0,Age(,5,40,19,5
1.0,0.94,0.97,0.97,0.01,0.0,0.06,0.0,0.0,race(,5,40,19,5
1.0,1.0,1.0,1.0,0.02,0.06,0.15,0.0,0.06,sex(,5,40,20,5
0.93,1.0,0.97,0.96,-0.06,-0.07,0.25,0.07,0.0,Age(,5,40,20,5
0.95,0.98,0.97,0.96,0.02,0.01,0.2,0.05,0.06,race(,5,40,20,5
0.94,1.0,0.98,0.97,-0.04,-0.03,0.08,0.06,0.03,sex(,5,40,21,5
0.95,0.96,0.97,0.95,-0.04,-0.05,0.19,0.05,0.0,Age(,5,40,21,5
0.96,0.95,0.96,0.95,0.02,0.0,0.13,0.04,0.04,race(,5,40,21,5
0.5,1.0,0.81,0.67,0.1,0.25,0.04,0.5,0.75,sex(,5,40,22,5
0.24,0.88,0.65,0.38,-0.09,-0.12,0.13,0.76,0.65,Age(,5,40,22,5
0.26,0.86,0.58,0.4,-0.02,-0.07,0.02,0.74,0.67,race(,5,40,22,5
0.91,1.0,0.97,0.95,0.0,0.03,0.16,0.09,0.12,sex(,5,40,23,5
0.91,1.0,0.97,0.95,-0.01,0.09,0.12,0.09,0.17,Age(,5,40,23,5
0.9,0.98,0.95,0.94,0.02,0.04,0.04,0.1,0.14,race(,5,40,23,5
0.38,1.0,0.76,0.55,0.08,0.17,0.04,0.62,0.78,sex(,5,40,24,5
0.23,1.0,0.61,0.37,-0.02,-0.05,0.01,0.77,0.71,Age(,5,40,24,5
0.27,1.0,0.63,0.43,0.04,0.08,0.06,0.73,0.81,race(,5,40,24,5
1.0,1.0,1.0,1.0,-0.03,0.01,0.2,0.0,0.01,sex(,5,40,25,5
0.98,0.94,0.97,0.96,-0.02,-0.02,0.13,0.02,0.0,Age(,5,40,25,5
0.98,0.97,0.97,0.97,-0.02,-0.02,0.17,0.02,0.0,race(,5,40,25,5
0.67,1.0,0.89,0.8,-0.08,-0.12,0.19,0.33,0.22,sex(,5,80,25,3
0.77,0.98,0.89,0.86,-0.01,0.02,0.1,0.23,0.25,Age(,5,80,25,3
0.77,0.98,0.86,0.86,-0.0,-0.0,0.15,0.23,0.23,race(,5,80,25,3
1.0,1.0,1.0,1.0,-0.02,0.01,0.19,0.0,0.01,sex(,5,80,25,2
0.98,0.96,0.97,0.97,-0.02,-0.02,0.14,0.02,0.0,Age(,5,80,25,2
0.98,0.98,0.98,0.98,-0.03,-0.02,0.16,0.02,0.0,race(,5,80,25,2
1.0,1.0,1.0,1.0,-0.02,0.01,0.19,0.0,0.01,sex(,5,160,25,1
0.98,0.96,0.97,0.97,-0.02,-0.02,0.14,0.02,0.0,Age(,5,160,25,1
0.98,0.98,0.98,0.98,-0.03,-0.02,0.16,0.02,0.0,race(,5,160,25,1
1.0,0.93,0.97,0.96,0.04,0.06,0.06,0.0,0.06,sex(,5,80,24,3
0.94,0.99,0.96,0.96,-0.04,-0.06,0.07,0.06,0.0,Age(,5,80,24,3
0.95,0.98,0.97,0.96,0.0,0.01,0.08,0.05,0.06,race(,5,80,24,3
1.0,0.87,0.94,0.93,0.06,0.04,0.05,0.0,0.04,sex(,5,80,24,2
0.96,0.96,0.96,0.96,-0.02,-0.04,0.1,0.04,0.0,Age(,5,80,24,2
0.98,0.95,0.97,0.96,0.04,0.05,0.12,0.02,0.06,race(,5,80,24,2
0.77,1.0,0.91,0.87,0.04,0.08,0.06,0.23,0.31,sex(,5,160,24,1
0.74,0.98,0.86,0.84,0.12,0.24,0.19,0.26,0.5,Age(,5,160,24,1
0.71,1.0,0.85,0.83,0.0,0.02,0.06,0.29,0.31,race(,5,160,24,1
1.0,0.92,0.97,0.96,0.03,0.06,0.14,0.0,0.06,sex(,5,80,23,3
0.95,1.0,0.98,0.97,-0.08,-0.01,0.2,0.05,0.04,Age(,5,80,23,3
0.96,0.96,0.97,0.96,0.02,0.03,0.04,0.04,0.07,race(,5,80,23,3
1.0,0.92,0.97,0.96,0.06,0.09,0.12,0.0,0.09,sex(,5,80,23,2
0.91,1.0,0.97,0.95,-0.07,-0.04,0.19,0.09,0.04,Age(,5,80,23,2
0.94,0.98,0.97,0.96,0.02,0.04,0.04,0.06,0.1,race(,5,80,23,2
0.64,1.0,0.9,0.78,-0.06,-0.1,0.16,0.36,0.26,sex(,5,160,23,1
0.68,1.0,0.88,0.81,-0.1,-0.14,0.19,0.32,0.17,Age(,5,160,23,1
0.82,1.0,0.92,0.9,0.12,0.27,0.12,0.18,0.45,race(,5,160,23,1
0.08,1.0,0.65,0.15,-0.02,-0.04,0.04,0.92,0.88,sex(,5,80,22,3
0.14,1.0,0.62,0.25,0.01,0.05,0.01,0.86,0.91,Age(,5,80,22,3
0.12,0.89,0.52,0.21,0.0,-0.01,0.02,0.88,0.88,race(,5,80,22,3
0.92,1.0,0.97,0.96,-0.06,-0.02,0.18,0.08,0.06,sex(,5,80,22,2
0.93,0.93,0.94,0.93,-0.08,-0.01,0.21,0.07,0.06,Age(,5,80,22,2
0.96,0.9,0.92,0.93,0.08,0.08,0.21,0.04,0.12,race(,5,80,22,2
0.92,1.0,0.97,0.96,-0.02,0.03,0.13,0.08,0.11,sex(,5,160,22,1
0.86,0.96,0.93,0.91,-0.09,-0.08,0.22,0.14,0.06,Age(,5,160,22,1
0.93,0.96,0.94,0.94,0.07,0.14,0.19,0.07,0.21,race(,5,160,22,1
0.94,1.0,0.98,0.97,-0.02,-0.01,0.07,0.06,0.05,sex(,5,80,21,3
0.93,0.96,0.96,0.94,-0.05,-0.07,0.2,0.07,0.0,Age(,5,80,21,3
0.96,0.95,0.96,0.95,0.04,0.05,0.14,0.04,0.08,race(,5,80,21,3
1.0,1.0,1.0,1.0,-0.02,0.0,0.07,0.0,0.0,sex(,5,80,21,2
1.0,0.96,0.99,0.98,-0.02,0.0,0.17,0.0,0.0,Age(,5,80,21,2
1.0,0.95,0.98,0.97,0.02,0.0,0.13,0.0,0.0,race(,5,80,21,2
1.0,1.0,1.0,1.0,-0.01,0.02,0.06,0.0,0.02,sex(,5,160,21,1
0.98,0.96,0.98,0.97,-0.02,-0.02,0.18,0.02,0.0,Age(,5,160,21,1
0.98,0.95,0.97,0.96,0.01,-0.02,0.12,0.02,0.0,race(,5,160,21,1
0.92,1.0,0.98,0.96,0.0,0.01,0.15,0.08,0.09,sex(,5,80,20,3
0.91,1.0,0.97,0.95,-0.03,-0.0,0.21,0.09,0.09,Age(,5,80,20,3
0.92,0.98,0.95,0.95,0.02,0.03,0.2,0.08,0.11,race(,5,80,20,3
1.0,1.0,1.0,1.0,-0.02,0.0,0.18,0.0,0.0,sex(,5,80,20,2
1.0,0.98,0.99,0.99,-0.02,0.0,0.22,0.0,0.0,Age(,5,80,20,2
1.0,0.97,0.98,0.98,0.02,0.0,0.22,0.0,0.0,race(,5,80,20,2
1.0,1.0,1.0,1.0,-0.02,0.0,0.18,0.0,0.0,sex(,5,160,20,1
1.0,0.98,0.99,0.99,-0.02,0.0,0.22,0.0,0.0,Age(,5,160,20,1
1.0,0.97,0.98,0.98,0.02,0.0,0.22,0.0,0.0,race(,5,160,20,1
0.73,1.0,0.89,0.84,0.11,0.23,0.05,0.27,0.49,sex(,5,80,19,3
0.48,1.0,0.78,0.65,-0.11,-0.17,0.18,0.52,0.34,Age(,5,80,19,3
0.64,0.97,0.81,0.77,0.14,0.26,0.16,0.36,0.62,race(,5,80,19,3
0.87,1.0,0.94,0.93,0.01,0.08,0.05,0.13,0.21,sex(,5,80,19,2
0.79,0.98,0.9,0.87,-0.08,-0.02,0.18,0.21,0.19,Age(,5,80,19,2
0.84,0.92,0.89,0.88,0.08,0.13,0.12,0.16,0.28,race(,5,80,19,2
1.0,1.0,1.0,1.0,0.01,0.07,0.07,0.0,0.07,sex(,5,160,19,1
0.93,0.96,0.96,0.94,-0.07,-0.04,0.19,0.07,0.03,Age(,5,160,19,1
0.95,0.95,0.95,0.95,0.0,0.01,0.06,0.05,0.06,race(,5,160,19,1
1.0,0.92,0.97,0.96,0.01,0.03,0.07,0.0,0.03,sex(,5,80,18,3
0.97,0.93,0.96,0.95,-0.04,-0.03,0.18,0.03,0.0,Age(,5,80,18,3
0.98,0.95,0.97,0.96,0.02,0.03,0.21,0.02,0.05,race(,5,80,18,3
0.92,0.92,0.94,0.92,-0.02,-0.04,0.09,0.08,0.04,sex(,5,80,18,2
0.93,0.93,0.95,0.93,-0.06,-0.07,0.2,0.07,0.0,Age(,5,80,18,2
0.95,0.95,0.95,0.95,-0.0,-0.0,0.19,0.05,0.05,race(,5,80,18,2
0.67,0.89,0.85,0.76,-0.07,-0.15,0.11,0.33,0.19,sex(,5,160,18,1
0.76,0.94,0.89,0.84,-0.06,-0.11,0.18,0.24,0.13,Age(,5,160,18,1
0.75,0.96,0.85,0.84,-0.08,-0.16,0.11,0.25,0.09,race(,5,160,18,1
1.0,0.92,0.97,0.96,0.0,0.0,0.16,0.0,0.0,sex(,5,80,17,3
1.0,0.97,0.99,0.98,-0.04,0.0,0.1,0.0,0.0,Age(,5,80,17,3
1.0,0.94,0.97,0.97,0.04,0.0,0.13,0.0,0.0,race(,5,80,17,3
1.0,0.92,0.97,0.96,0.01,0.01,0.15,0.0,0.01,sex(,5,80,17,2
0.98,0.97,0.98,0.97,-0.05,-0.02,0.1,0.02,0.0,Age(,5,80,17,2
1.0,0.94,0.97,0.97,0.05,0.03,0.14,0.0,0.03,race(,5,80,17,2
1.0,0.92,0.97,0.96,0.08,0.13,0.09,0.0,0.13,sex(,5,160,17,1
0.88,0.98,0.94,0.93,-0.06,-0.04,0.11,0.12,0.08,Age(,5,160,17,1
0.9,0.95,0.92,0.92,0.04,0.03,0.12,0.1,0.13,race(,5,160,17,1
1.0,0.93,0.97,0.96,0.06,0.12,0.08,0.0,0.12,sex(,5,80,16,3
0.92,0.97,0.95,0.94,0.04,0.11,0.11,0.08,0.19,Age(,5,80,16,3
0.9,0.95,0.93,0.92,0.02,-0.01,0.03,0.1,0.09,race(,5,80,16,3
1.0,0.93,0.97,0.96,-0.01,0.01,0.15,0.0,0.01,sex(,5,80,16,2
0.99,0.95,0.97,0.97,-0.02,-0.01,0.05,0.01,0.0,Age(,5,80,16,2
0.98,0.94,0.96,0.96,-0.0,-0.02,0.0,0.02,0.0,race(,5,80,16,2
0.71,1.0,0.9,0.83,0.05,0.1,0.05,0.29,0.39,sex(,5,160,16,1
0.63,1.0,0.82,0.77,0.0,0.0,0.05,0.37,0.38,Age(,5,160,16,1
0.58,1.0,0.8,0.73,-0.07,-0.14,0.06,0.42,0.28,race(,5,160,16,1
1.0,1.0,1.0,1.0,0.02,0.07,0.01,0.0,0.07,sex(,5,80,15,3
0.91,0.95,0.95,0.93,-0.06,-0.09,0.24,0.09,0.0,Age(,5,80,15,3
0.95,0.95,0.95,0.95,0.03,0.03,0.2,0.05,0.08,race(,5,80,15,3
1.0,1.0,1.0,1.0,-0.02,0.01,0.02,0.0,0.01,sex(,5,80,15,2
0.98,0.93,0.97,0.95,-0.02,-0.02,0.21,0.02,0.0,Age(,5,80,15,2
1.0,0.93,0.96,0.96,0.04,0.04,0.22,0.0,0.04,race(,5,80,15,2
0.92,1.0,0.96,0.96,0.02,0.08,0.02,0.08,0.16,sex(,5,160,15,1
0.86,0.96,0.93,0.91,-0.01,0.03,0.17,0.14,0.17,Age(,5,160,15,1
0.89,0.96,0.93,0.92,0.08,0.14,0.21,0.11,0.25,race(,5,160,15,1
0.58,1.0,0.86,0.73,-0.04,-0.04,0.14,0.42,0.37,sex(,5,80,14,3
0.53,1.0,0.79,0.69,-0.23,-0.34,0.23,0.47,0.13,Age(,5,80,14,3
0.72,0.93,0.84,0.81,0.17,0.29,0.17,0.28,0.57,race(,5,80,14,3
1.0,1.0,1.0,1.0,-0.02,0.0,0.19,0.0,0.0,sex(,5,80,14,2
1.0,0.98,0.99,0.99,-0.05,0.0,0.07,0.0,0.0,Age(,5,80,14,2
1.0,0.93,0.97,0.96,0.03,0.0,0.06,0.0,0.0,race(,5,80,14,2
1.0,1.0,1.0,1.0,-0.01,0.01,0.17,0.0,0.01,sex(,5,160,14,1
0.98,1.0,0.99,0.99,-0.05,-0.02,0.06,0.02,0.0,Age(,5,160,14,1
1.0,0.97,0.98,0.98,0.03,0.03,0.06,0.0,0.03,race(,5,160,14,1
0.94,1.0,0.98,0.97,0.01,0.04,0.12,0.06,0.1,sex(,5,80,13,3
0.87,0.98,0.93,0.92,-0.08,-0.13,0.12,0.13,0.0,Age(,5,80,13,3
0.9,0.97,0.93,0.93,0.0,-0.02,0.05,0.1,0.08,race(,5,80,13,3
0.94,1.0,0.98,0.97,-0.05,-0.04,0.18,0.06,0.03,sex(,5,80,13,2
0.96,0.97,0.97,0.96,-0.06,-0.04,0.1,0.04,0.0,Age(,5,80,13,2
0.97,0.94,0.96,0.95,0.03,0.01,0.08,0.03,0.04,race(,5,80,13,2
0.75,1.0,0.9,0.86,0.01,0.02,0.1,0.25,0.27,sex(,5,160,13,1
0.7,1.0,0.86,0.82,-0.06,-0.13,0.1,0.3,0.17,Age(,5,160,13,1
0.77,1.0,0.88,0.87,0.06,0.11,0.09,0.23,0.35,race(,5,160,13,1
1.0,0.94,0.98,0.97,0.02,0.07,0.09,0.0,0.07,sex(,5,80,12,3
0.93,0.95,0.95,0.94,-0.07,-0.03,0.2,0.07,0.04,Age(,5,80,12,3
0.93,0.97,0.95,0.95,-0.04,-0.03,0.13,0.07,0.04,race(,5,80,12,3
1.0,1.0,1.0,1.0,0.0,0.08,0.1,0.0,0.08,sex(,5,80,12,2
0.93,0.95,0.95,0.94,-0.03,0.0,0.16,0.07,0.07,Age(,5,80,12,2
0.92,0.98,0.95,0.95,-0.06,-0.05,0.11,0.08,0.04,race(,5,80,12,2
1.0,0.89,0.96,0.94,0.01,0.04,0.09,0.0,0.04,sex(,5,160,12,1
0.97,0.91,0.94,0.94,-0.04,0.0,0.16,0.03,0.04,Age(,5,160,12,1
0.97,0.95,0.96,0.96,-0.03,0.0,0.13,0.03,0.04,race(,5,160,12,1
0.88,0.88,0.94,0.88,0.02,0.01,0.18,0.12,0.14,sex(,5,80,11,3
0.85,1.0,0.94,0.92,-0.07,-0.04,0.14,0.15,0.11,Age(,5,80,11,3
0.89,0.96,0.93,0.92,0.05,0.07,0.14,0.11,0.19,race(,5,80,11,3
1.0,0.89,0.97,0.94,0.04,0.08,0.19,0.0,0.08,sex(,5,80,11,2
0.92,0.97,0.95,0.94,-0.06,-0.03,0.12,0.08,0.05,Age(,5,80,11,2
0.94,0.96,0.96,0.95,0.02,0.06,0.11,0.06,0.11,race(,5,80,11,2
0.88,0.88,0.94,0.88,-0.05,-0.1,0.24,0.12,0.03,sex(,5,160,11,1
0.97,0.98,0.98,0.97,-0.03,0.02,0.11,0.03,0.05,Age(,5,160,11,1
0.94,0.96,0.96,0.95,-0.02,-0.06,0.08,0.06,0.0,race(,5,160,11,1
0.9,0.9,0.94,0.9,0.01,-0.0,0.12,0.1,0.1,sex(,5,80,10,3
0.92,0.96,0.95,0.94,0.01,0.05,0.14,0.08,0.13,Age(,5,80,10,3
0.93,0.96,0.95,0.94,0.04,0.07,0.09,0.07,0.14,race(,5,80,10,3
1.0,0.91,0.97,0.95,0.0,0.0,0.14,0.0,0.0,sex(,5,80,10,2
1.0,0.95,0.98,0.97,-0.01,0.0,0.17,0.0,0.0,Age(,5,80,10,2
1.0,0.95,0.97,0.97,0.01,0.0,0.08,0.0,0.0,race(,5,80,10,2
1.0,0.91,0.97,0.95,0.02,0.03,0.13,0.0,0.03,sex(,5,160,10,1
0.97,0.95,0.97,0.96,-0.02,-0.03,0.18,0.03,0.0,Age(,5,160,10,1
0.98,0.95,0.97,0.96,0.02,0.02,0.09,0.02,0.04,race(,5,160,10,1
1.0,1.0,1.0,1.0,-0.02,0.04,0.08,0.0,0.04,sex(,5,80,9,3
0.99,0.94,0.97,0.96,0.02,0.07,0.06,0.01,0.08,Age(,5,80,9,3
0.97,0.94,0.95,0.95,0.0,0.01,0.07,0.03,0.04,race(,5,80,9,3
0.86,1.0,0.94,0.92,0.07,0.2,0.02,0.14,0.35,sex(,5,80,9,2
0.81,0.93,0.88,0.87,0.22,0.45,0.19,0.19,0.64,Age(,5,80,9,2
0.7,0.94,0.82,0.8,0.02,0.04,0.06,0.3,0.35,race(,5,80,9,2
0.79,1.0,0.91,0.88,-0.01,0.03,0.05,0.21,0.24,sex(,5,160,9,1
0.84,0.95,0.9,0.89,0.14,0.28,0.08,0.16,0.44,Age(,5,160,9,1
0.76,0.96,0.86,0.85,-0.02,-0.01,0.03,0.24,0.23,race(,5,160,9,1
1.0,0.94,0.98,0.97,-0.0,0.0,0.16,0.0,0.0,sex(,5,80,8,3
1.0,0.98,0.99,0.99,-0.06,0.0,0.14,0.0,0.0,Age(,5,80,8,3
1.0,0.94,0.97,0.97,0.04,0.0,0.21,0.0,0.0,race(,5,80,8,3
0.44,1.0,0.82,0.61,0.1,0.19,0.02,0.56,0.75,sex(,5,80,8,2
0.29,1.0,0.7,0.45,0.0,0.0,0.02,0.71,0.71,Age(,5,80,8,2
0.32,1.0,0.65,0.48,0.06,0.12,0.1,0.68,0.8,race(,5,80,8,2
0.75,1.0,0.92,0.86,0.03,0.07,0.09,0.25,0.32,sex(,5,160,8,1
0.67,1.0,0.86,0.8,-0.08,-0.1,0.12,0.33,0.24,Age(,5,160,8,1
0.71,0.98,0.84,0.82,0.05,0.07,0.16,0.29,0.36,race(,5,160,8,1
0.83,1.0,0.94,0.91,-0.0,0.02,0.13,0.17,0.19,sex(,5,80,7,3
0.77,0.98,0.89,0.86,-0.09,-0.15,0.12,0.23,0.08,Age(,5,80,7,3
0.84,0.98,0.91,0.9,0.04,0.09,0.13,0.16,0.25,race(,5,80,7,3
1.0,1.0,1.0,1.0,-0.02,0.0,0.17,0.0,0.0,sex(,5,80,7,2
1.0,0.97,0.99,0.98,-0.01,0.0,0.05,0.0,0.0,Age(,5,80,7,2
1.0,0.97,0.98,0.98,0.0,0.0,0.12,0.0,0.0,race(,5,80,7,2
0.92,1.0,0.97,0.96,0.02,0.04,0.12,0.08,0.13,sex(,5,160,7,1
0.89,1.0,0.95,0.94,0.01,0.05,0.03,0.11,0.16,Age(,5,160,7,1
0.86,0.98,0.92,0.92,-0.02,-0.07,0.08,0.14,0.07,race(,5,160,7,1
1.0,1.0,1.0,1.0,0.04,0.11,0.08,0.0,0.11,sex(,5,80,6,3
0.88,0.96,0.94,0.92,-0.05,-0.08,0.16,0.12,0.04,Age(,5,80,6,3
0.91,0.98,0.95,0.94,0.0,0.02,0.1,0.09,0.11,race(,5,80,6,3
1.0,0.93,0.97,0.96,-0.01,0.01,0.12,0.0,0.01,sex(,5,80,6,2
1.0,0.95,0.98,0.97,-0.06,0.04,0.18,0.0,0.04,Age(,5,80,6,2
1.0,0.93,0.96,0.96,0.02,0.04,0.13,0.0,0.04,race(,5,80,6,2
1.0,1.0,1.0,1.0,0.05,0.14,0.07,0.0,0.14,sex(,5,160,6,1
0.86,0.96,0.93,0.91,-0.04,-0.05,0.15,0.14,0.08,Age(,5,160,6,1
0.89,0.98,0.94,0.93,0.0,0.03,0.1,0.11,0.14,race(,5,160,6,1
1.0,1.0,1.0,1.0,0.03,0.06,0.02,0.0,0.06,sex(,5,80,5,3
0.95,1.0,0.98,0.97,-0.0,-0.01,0.06,0.05,0.04,Age(,5,80,5,3
0.97,1.0,0.98,0.98,0.02,0.03,0.08,0.03,0.07,race(,5,80,5,3
1.0,1.0,1.0,1.0,-0.01,0.0,0.06,0.0,0.0,sex(,5,80,5,2
1.0,1.0,1.0,1.0,-0.04,0.0,0.1,0.0,0.0,Age(,5,80,5,2
1.0,0.97,0.98,0.98,0.02,0.0,0.09,0.0,0.0,race(,5,80,5,2
0.75,1.0,0.89,0.86,-0.03,-0.05,0.07,0.25,0.2,sex(,5,160,5,1
0.75,1.0,0.89,0.86,-0.11,-0.17,0.15,0.25,0.08,Age(,5,160,5,1
0.81,0.98,0.9,0.89,0.04,0.05,0.09,0.19,0.24,race(,5,160,5,1
1.0,0.92,0.97,0.96,-0.01,0.01,0.13,0.0,0.01,sex(,5,80,4,3
0.98,0.94,0.97,0.96,-0.06,-0.02,0.1,0.02,0.0,Age(,5,80,4,3
0.98,0.93,0.96,0.95,-0.0,-0.02,0.14,0.02,0.0,race(,5,80,4,3
0.91,0.91,0.94,0.91,-0.05,-0.06,0.16,0.09,0.03,sex(,5,80,4,2
0.95,0.92,0.95,0.93,-0.06,-0.05,0.11,0.05,0.0,Age(,5,80,4,2
0.94,0.93,0.94,0.93,-0.03,-0.06,0.1,0.06,0.0,race(,5,80,4,2
0.45,1.0,0.83,0.62,-0.24,-0.43,0.27,0.55,0.12,sex(,5,160,4,1
0.8,0.96,0.91,0.87,-0.08,-0.1,0.12,0.2,0.11,Age(,5,160,4,1
0.85,0.98,0.92,0.91,0.03,0.1,0.13,0.15,0.25,race(,5,160,4,1
1.0,1.0,1.0,1.0,-0.02,0.0,0.16,0.0,0.0,sex(,5,80,3,3
1.0,0.96,0.98,0.98,-0.02,0.0,0.23,0.0,0.0,Age(,5,80,3,3
1.0,0.94,0.97,0.97,0.04,0.0,0.14,0.0,0.0,race(,5,80,3,3
0.38,1.0,0.75,0.55,0.04,0.09,0.01,0.62,0.71,sex(,5,80,3,2
0.34,1.0,0.7,0.51,0.02,0.12,0.02,0.66,0.77,Age(,5,80,3,2
0.33,0.96,0.62,0.49,0.05,0.08,0.08,0.67,0.75,race(,5,80,3,2
1.0,1.0,1.0,1.0,-0.02,0.01,0.14,0.0,0.01,sex(,5,160,3,1
0.99,0.97,0.98,0.98,-0.03,-0.01,0.24,0.01,0.0,Age(,5,160,3,1
0.98,0.96,0.97,0.97,0.02,-0.02,0.12,0.02,0.0,race(,5,160,3,1
1.0,0.91,0.97,0.95,-0.01,0.01,0.17,0.0,0.01,sex(,5,80,2,3
0.98,0.95,0.97,0.96,-0.08,-0.02,0.13,0.02,0.0,Age(,5,80,2,3
0.98,0.92,0.95,0.95,0.01,-0.02,0.21,0.02,0.0,race(,5,80,2,3
1.0,0.91,0.97,0.95,-0.01,0.01,0.17,0.0,0.01,sex(,5,80,2,2
0.98,0.95,0.97,0.96,-0.08,-0.02,0.13,0.02,0.0,Age(,5,80,2,2
1.0,0.92,0.96,0.96,0.04,0.05,0.23,0.0,0.05,race(,5,80,2,2
1.0,0.91,0.97,0.95,0.02,0.04,0.15,0.0,0.04,sex(,5,160,2,1
0.95,0.97,0.97,0.96,-0.08,-0.05,0.13,0.05,0.0,Age(,5,160,2,1
0.97,0.95,0.96,0.96,0.02,0.02,0.2,0.03,0.05,race(,5,160,2,1
0.8,1.0,0.93,0.89,0.02,0.04,0.12,0.2,0.24,sex(,5,80,1,3
0.74,0.98,0.88,0.84,-0.05,-0.1,0.12,0.26,0.16,Age(,5,80,1,3
0.83,0.98,0.91,0.9,0.11,0.2,0.14,0.17,0.37,race(,5,80,1,3
1.0,0.94,0.98,0.97,0.04,0.07,0.13,0.0,0.07,sex(,5,80,1,2
0.92,0.97,0.95,0.94,-0.05,-0.08,0.14,0.08,0.0,Age(,5,80,1,2
0.95,0.97,0.96,0.96,0.02,0.02,0.05,0.05,0.07,race(,5,80,1,2
0.93,0.74,0.86,0.82,0.05,0.09,0.08,0.07,0.16,sex(,761,761,1,100
0.86,0.81,0.85,0.83,-0.0,0.02,0.07,0.14,0.16,Age(,761,761,1,100
0.87,0.84,0.85,0.85,0.0,0.03,0.03,0.13,0.17,race(,761,761,1,100
0.9,0.64,0.83,0.75,0.02,-0.03,0.09,0.1,0.07,sex(,761,761,2,100
0.9,0.83,0.89,0.86,-0.08,-0.1,0.11,0.1,0.0,Age(,761,761,2,100
0.95,0.88,0.91,0.91,0.05,0.1,0.19,0.05,0.15,race(,761,761,2,100
0.92,0.86,0.91,0.89,0.03,0.09,0.07,0.08,0.16,sex(,761,761,3,100
0.81,0.87,0.86,0.84,-0.12,-0.13,0.28,0.19,0.06,Age(,761,761,3,100
0.86,0.88,0.86,0.87,0.06,0.05,0.14,0.14,0.19,race(,761,761,3,100
0.64,1.0,0.89,0.78,-0.23,-0.26,0.31,0.36,0.1,sex(,761,761,4,100
0.81,0.76,0.82,0.78,-0.06,-0.19,0.07,0.19,0.0,Age(,761,761,4,100
0.87,0.84,0.86,0.85,0.02,0.04,0.11,0.13,0.17,race(,761,761,4,100
0.69,0.92,0.84,0.79,-0.07,-0.1,0.1,0.31,0.21,sex(,761,761,5,100
0.75,0.87,0.84,0.81,-0.02,-0.09,0.06,0.25,0.17,Age(,761,761,5,100
0.72,0.95,0.85,0.82,-0.12,-0.14,0.08,0.28,0.14,race(,761,761,5,100
0.69,0.75,0.82,0.72,-0.1,-0.21,0.16,0.31,0.1,sex(,761,761,6,100
0.86,0.84,0.88,0.85,-0.02,-0.01,0.12,0.14,0.12,Age(,761,761,6,100
0.87,0.87,0.88,0.87,0.01,0.02,0.09,0.13,0.14,race(,761,761,6,100
0.92,0.92,0.94,0.92,-0.05,0.01,0.18,0.08,0.09,sex(,761,761,7,100
0.88,0.84,0.87,0.86,-0.01,-0.12,0.04,0.12,0.0,Age(,761,761,7,100
0.9,0.88,0.88,0.89,0.01,-0.02,0.11,0.1,0.07,race(,761,761,7,100
0.81,0.81,0.88,0.81,-0.02,-0.03,0.13,0.19,0.16,sex(,761,761,8,100
0.83,0.85,0.86,0.84,-0.01,-0.03,0.06,0.17,0.14,Age(,761,761,8,100
0.85,0.93,0.89,0.89,-0.01,0.05,0.11,0.15,0.2,race(,761,761,8,100
0.71,0.77,0.78,0.74,-0.04,-0.12,0.07,0.29,0.17,sex(,761,761,9,100
0.78,0.85,0.83,0.81,-0.11,-0.14,0.16,0.22,0.08,Age(,761,761,9,100
0.83,0.87,0.85,0.85,0.02,0.06,0.07,0.17,0.23,race(,761,761,9,100
0.8,0.67,0.82,0.73,0.04,0.09,0.06,0.2,0.29,sex(,761,761,10,100
0.69,0.73,0.78,0.71,-0.08,-0.09,0.16,0.31,0.22,Age(,761,761,10,100
0.7,0.78,0.77,0.74,-0.03,-0.05,0.01,0.3,0.25,race(,761,761,10,100
0.75,0.86,0.91,0.8,-0.1,-0.09,0.27,0.25,0.16,sex(,761,761,11,100
0.81,0.79,0.84,0.8,0.0,-0.09,0.05,0.19,0.11,Age(,761,761,11,100
0.8,0.83,0.83,0.81,-0.02,-0.09,0.06,0.2,0.11,race(,761,761,11,100
0.76,0.76,0.82,0.76,-0.07,-0.11,0.14,0.24,0.13,sex(,761,761,12,100
0.85,0.82,0.86,0.83,-0.08,-0.01,0.18,0.15,0.14,Age(,761,761,12,100
0.82,0.86,0.83,0.84,-0.06,-0.11,0.07,0.18,0.07,race(,761,761,12,100
0.62,0.77,0.78,0.69,-0.11,-0.26,0.19,0.38,0.11,sex(,761,761,13,100
0.82,0.89,0.86,0.85,-0.02,-0.1,0.06,0.18,0.08,Age(,761,761,13,100
0.86,0.91,0.88,0.88,0.04,0.05,0.07,0.14,0.19,race(,761,761,13,100
0.92,1.0,0.97,0.96,-0.02,0.1,0.18,0.08,0.19,sex(,761,761,14,100
0.78,0.86,0.84,0.82,-0.12,-0.18,0.12,0.22,0.04,Age(,761,761,14,100
0.86,0.88,0.88,0.87,0.03,0.09,0.05,0.14,0.23,race(,761,761,14,100
1.0,0.75,0.86,0.86,0.16,0.19,0.16,0.0,0.19,sex(,761,761,15,100
0.79,0.79,0.84,0.79,-0.08,-0.17,0.23,0.21,0.04,Age(,761,761,15,100
0.84,0.87,0.86,0.85,0.0,0.01,0.13,0.16,0.17,race(,761,761,15,100
0.64,0.64,0.74,0.64,-0.1,-0.24,0.17,0.36,0.12,sex(,761,761,16,100
0.84,0.85,0.85,0.84,-0.08,-0.04,0.03,0.16,0.12,Age(,761,761,16,100
0.86,0.81,0.84,0.83,0.05,0.05,0.06,0.14,0.19,race(,761,761,16,100
0.82,0.75,0.85,0.78,0.03,0.06,0.08,0.18,0.24,sex(,761,761,17,100
0.7,0.85,0.81,0.77,-0.2,-0.26,0.24,0.3,0.04,Age(,761,761,17,100
0.78,0.85,0.82,0.81,0.04,0.04,0.09,0.22,0.26,race(,761,761,17,100
0.58,0.58,0.7,0.58,-0.13,-0.35,0.13,0.42,0.07,sex(,761,761,18,100
0.88,0.79,0.86,0.83,-0.02,0.01,0.13,0.12,0.13,Age(,761,761,18,100
0.85,0.85,0.84,0.85,-0.06,-0.1,0.11,0.15,0.05,race(,761,761,18,100
0.93,0.93,0.94,0.93,0.01,0.11,0.06,0.07,0.17,sex(,761,761,19,100
0.81,0.81,0.84,0.81,0.0,-0.1,0.1,0.19,0.09,Age(,761,761,19,100
0.86,0.96,0.91,0.91,-0.08,0.05,0.05,0.14,0.19,race(,761,761,19,100
0.92,1.0,0.98,0.96,-0.02,0.1,0.17,0.08,0.18,sex(,761,761,20,100
0.82,0.82,0.87,0.82,0.03,-0.05,0.13,0.18,0.13,Age(,761,761,20,100
0.84,0.85,0.85,0.84,0.06,0.0,0.23,0.16,0.17,race(,761,761,20,100
0.82,0.88,0.89,0.85,-0.02,0.02,0.06,0.18,0.2,sex(,761,761,21,100
0.76,0.81,0.84,0.78,-0.07,-0.15,0.18,0.24,0.09,Age(,761,761,21,100
0.8,0.9,0.87,0.85,-0.06,-0.04,0.01,0.2,0.17,race(,761,761,21,100
0.67,0.73,0.77,0.7,-0.08,-0.19,0.13,0.33,0.15,sex(,761,761,22,100
0.83,0.86,0.87,0.84,-0.03,0.01,0.14,0.17,0.18,Age(,761,761,22,100
0.84,0.89,0.86,0.86,0.02,0.05,0.13,0.16,0.21,race(,761,761,22,100
0.82,0.69,0.85,0.75,-0.07,-0.11,0.18,0.18,0.07,sex(,761,761,23,100
0.91,0.8,0.88,0.85,-0.04,-0.0,0.15,0.09,0.09,Age(,761,761,23,100
0.88,0.79,0.85,0.83,-0.02,-0.08,0.01,0.12,0.03,race(,761,761,23,100
0.85,0.79,0.85,0.82,0.04,0.05,0.04,0.15,0.21,sex(,761,761,24,100
0.77,0.87,0.82,0.82,-0.1,-0.23,0.01,0.23,0.0,Age(,761,761,24,100
0.81,0.86,0.83,0.83,0.05,0.03,0.11,0.19,0.22,race(,761,761,24,100
0.75,0.9,0.89,0.82,-0.12,-0.12,0.25,0.25,0.13,sex(,761,761,25,100
0.83,0.82,0.84,0.82,-0.02,-0.08,0.12,0.17,0.08,Age(,761,761,25,100
0.88,0.9,0.88,0.89,0.01,0.07,0.14,0.12,0.19,race(,761,761,25,100
