sex(,Age(,race(,!Two_year_recid,predicted,samples
1,29,0,0,0,957
0,27,3,1,1,957
1,28,2,0,0,957
0,26,0,0,0,957
0,61,0,1,1,957
1,43,2,0,0,957
1,27,0,1,1,957
0,33,0,0,0,957
1,41,2,1,1,957
1,37,2,0,0,957
0,20,0,0,0,957
1,33,0,1,1,957
1,30,0,0,0,957
1,53,0,0,0,957
1,34,2,1,1,957
1,34,2,1,1,957
1,25,2,0,0,957
1,19,0,1,1,957
1,51,0,0,0,957
1,21,5,1,1,957
1,38,2,1,1,957
1,50,2,0,0,957
1,26,0,1,1,957
1,23,0,1,1,957
1,39,2,1,1,957
1,52,2,1,1,957
1,24,5,1,1,957
1,24,2,1,1,957
1,31,2,1,1,957
0,22,2,0,0,957
1,27,2,0,0,957
1,22,0,0,0,957
1,24,0,1,1,957
1,22,3,1,1,957
1,38,3,1,1,957
1,29,0,1,1,957
1,24,0,0,0,957
1,29,2,1,1,957
1,27,0,1,1,957
1,33,0,1,1,957
1,27,0,0,0,957
1,29,0,1,1,957
1,21,2,0,0,957
0,54,0,0,0,957
1,43,2,0,0,957
1,20,0,1,1,957
1,26,3,0,0,957
1,28,0,0,0,957
1,20,0,1,1,957
0,37,5,1,1,957
1,52,2,0,0,957
0,37,0,0,0,957
1,22,0,1,1,957
1,25,2,0,0,957
1,25,2,0,0,957
1,27,0,1,1,957
0,20,0,0,0,957
1,22,0,1,1,957
1,38,0,1,1,957
1,23,0,1,1,957
1,24,0,1,1,957
1,58,2,0,0,957
1,26,2,1,1,957
1,27,2,0,0,957
1,27,0,1,1,957
1,37,2,0,0,957
1,26,0,1,0,957
1,20,0,1,1,957
1,44,0,0,0,957
1,34,0,1,1,957
0,32,0,1,1,957
1,26,0,0,0,957
1,28,0,1,1,957
1,27,3,0,0,957
1,28,2,0,0,957
1,23,2,1,1,957
1,66,0,1,1,957
1,24,5,1,1,957
1,47,3,0,0,957
1,26,0,1,1,957
1,35,0,0,0,957
1,37,5,0,0,957
1,32,0,1,1,957
1,28,0,1,1,957
1,22,0,0,0,957
1,23,2,1,1,957
0,20,2,1,1,957
1,52,3,0,0,957
0,47,2,1,1,957
1,28,2,0,0,957
0,22,2,0,0,957
1,24,0,0,0,957
1,36,2,0,0,957
1,31,0,0,0,957
1,38,0,0,0,957
1,54,0,0,0,957
1,24,2,0,0,957
1,24,2,1,1,957
1,24,2,0,0,957
1,22,0,1,1,957
0,21,3,1,1,957
0,35,0,1,1,957
0,30,2,0,0,957
1,56,2,0,0,957
1,39,0,0,0,957
1,49,0,1,1,957
0,39,2,0,0,957
1,26,2,1,1,957
0,37,0,0,0,957
1,23,0,0,0,957
0,40,5,0,0,957
1,22,0,1,1,957
1,28,0,1,1,957
1,22,2,0,0,957
0,30,5,0,0,957
1,27,0,0,0,957
0,51,0,0,0,957
1,27,0,1,1,957
0,37,2,0,0,957
1,21,2,1,1,957
1,68,2,0,0,957
0,28,5,0,0,957
1,54,0,0,0,957
1,49,2,0,0,957
1,32,2,1,1,957
1,22,0,1,1,957
1,32,0,0,0,957
1,53,2,0,0,957
1,44,2,0,0,957
1,30,2,0,0,957
1,46,2,0,0,957
1,30,3,0,0,957
1,47,2,0,0,957
1,26,2,0,0,957
1,37,0,0,0,957
1,28,0,1,1,957
0,58,2,0,0,957
1,24,3,1,1,957
0,23,5,0,0,957
0,41,0,0,0,957
1,28,3,1,1,957
1,21,0,0,0,957
1,38,0,1,1,957
1,48,2,0,0,957
1,51,2,0,0,957
1,26,0,1,1,957
0,54,2,0,0,957
1,34,0,1,1,957
1,38,0,0,0,957
1,26,2,1,1,957
1,59,3,0,0,957
1,25,0,1,1,957
1,24,3,1,1,957
0,22,3,1,1,957
1,31,0,0,0,957
0,30,0,0,0,957
1,53,2,0,0,957
1,29,2,1,1,957
1,37,2,0,0,957
1,27,2,0,0,957
1,25,3,1,1,957
1,47,2,1,1,957
1,27,4,0,0,957
1,26,0,0,0,957
1,35,0,1,1,957
0,69,3,0,0,957
1,32,0,1,1,957
0,25,2,1,1,957
0,22,0,0,0,957
1,62,2,0,0,957
1,31,0,0,0,957
1,39,0,1,1,957
1,31,0,1,1,957
1,27,0,0,0,957
0,48,0,0,0,957
1,44,2,1,1,957
1,32,0,1,1,957
1,26,0,1,1,957
1,33,0,1,1,957
0,45,2,0,0,957
1,21,0,0,0,957
1,24,0,0,0,957
0,46,2,0,0,957
1,69,5,0,0,957
1,54,2,1,1,957
1,20,0,0,0,957
1,33,0,1,1,957
1,43,5,1,1,957
1,39,0,1,1,957
1,28,3,0,0,957
1,21,0,0,0,957
1,45,0,1,1,957
1,53,2,1,1,957
1,43,5,1,1,957
1,37,0,0,0,957
1,78,2,1,1,957
1,38,2,0,0,957
0,32,3,1,1,957
1,20,0,1,1,957
1,45,0,1,1,957
1,39,2,1,1,957
1,26,0,1,1,957
0,26,2,0,0,957
1,30,0,0,0,957
0,50,2,1,1,957
1,51,2,0,0,957
1,19,2,1,1,957
1,52,3,0,0,957
1,54,3,0,0,957
1,56,2,1,1,957
1,30,0,1,1,957
1,56,0,0,0,957
1,29,0,0,0,957
1,24,0,1,1,957
1,31,0,0,0,957
0,26,0,0,0,957
1,24,0,1,1,957
1,27,0,1,1,957
0,25,0,0,0,957
1,47,2,0,0,957
0,52,2,0,0,957
1,27,4,0,0,957
1,55,0,1,1,957
1,64,3,0,0,957
1,20,0,1,1,957
1,25,2,1,1,957
1,44,2,1,1,957
1,23,0,1,1,957
0,28,0,0,0,957
1,38,0,1,1,957
1,29,0,0,0,957
1,32,0,1,1,957
0,30,5,0,0,957
1,53,2,0,0,957
1,25,0,0,0,957
1,43,2,0,0,957
1,22,0,1,1,957
1,25,3,1,1,957
1,53,0,0,0,957
1,44,2,0,0,957
1,21,0,1,1,957
1,42,2,0,0,957
1,22,0,1,1,957
0,32,2,1,1,957
1,25,0,1,1,957
1,38,4,1,1,957
1,24,3,0,0,957
1,30,0,0,0,957
1,42,2,0,0,957
1,33,2,0,0,957
1,25,0,1,1,957
0,30,2,0,0,957
1,20,0,1,1,957
1,35,0,1,1,957
1,28,2,1,1,957
1,31,0,0,0,957
1,49,0,0,0,957
1,23,0,1,1,957
0,37,3,0,0,957
1,23,0,1,1,957
1,52,2,1,1,957
1,37,2,0,0,957
1,46,0,1,1,957
1,29,0,1,1,957
1,29,0,0,0,957
0,53,0,0,0,957
1,83,3,0,0,957
1,22,0,1,1,957
0,51,0,0,0,957
0,22,2,0,0,957
0,59,2,0,0,957
1,27,3,0,0,957
0,35,0,1,1,957
1,30,0,0,0,957
1,27,0,1,1,957
1,22,0,1,1,957
1,51,0,0,0,957
1,39,2,1,1,957
1,29,0,0,0,957
1,33,0,1,1,957
1,34,2,1,1,957
1,38,0,0,0,957
0,21,3,1,1,957
0,48,5,0,0,957
1,32,2,0,1,957
1,24,0,0,0,957
1,22,2,0,0,957
1,39,0,1,1,957
1,20,0,0,0,957
1,32,0,0,0,957
0,51,0,0,0,957
1,52,2,0,0,957
0,37,5,1,1,957
1,44,0,0,0,957
1,20,0,1,1,957
1,36,0,1,1,957
1,30,0,0,0,957
1,20,3,1,1,957
1,20,0,1,1,957
1,36,5,1,1,957
0,39,2,0,0,957
1,31,2,1,1,957
1,41,2,1,1,957
1,42,2,0,0,957
1,19,0,1,1,957
1,63,2,0,0,957
0,24,2,1,1,957
1,64,0,1,1,957
1,46,5,0,0,957
1,25,2,1,1,957
1,50,1,1,1,957
1,30,3,0,0,957
1,55,0,0,0,957
1,42,5,0,0,957
1,32,0,1,1,957
1,33,0,0,0,957
1,27,0,1,1,957
1,44,2,1,1,957
1,26,2,0,1,957
1,23,2,0,0,957
1,27,0,0,0,957
1,53,2,0,0,957
1,42,2,1,1,957
1,24,2,0,0,957
1,21,3,0,0,957
1,28,3,0,0,957
1,24,2,0,0,957
1,26,0,1,1,957
1,23,0,0,0,957
1,21,5,1,1,957
1,30,0,1,1,957
1,26,0,0,0,957
0,36,2,1,1,957
1,38,2,1,1,957
1,25,0,1,1,957
1,24,2,1,1,957
0,39,2,1,1,957
1,36,2,0,0,957
0,28,3,0,0,957
0,43,2,0,0,957
1,41,0,0,0,957
1,48,2,0,0,957
1,27,0,1,1,957
1,23,0,0,0,957
1,28,0,0,1,957
1,30,0,0,0,957
1,52,5,1,1,957
1,56,2,0,0,957
1,37,2,0,0,957
1,32,0,0,0,957
1,27,2,0,0,957
0,23,0,0,0,957
1,29,0,0,0,957
1,21,0,0,0,957
1,59,0,1,1,957
1,43,2,1,1,957
1,22,2,1,1,957
1,27,0,1,1,957
1,28,0,1,1,957
1,30,5,1,1,957
1,34,2,1,1,957
1,29,0,0,0,957
1,27,2,1,1,957
0,48,0,0,0,957
1,59,3,0,0,957
1,43,5,0,0,957
1,47,0,1,1,957
1,25,2,1,1,957
1,34,0,1,1,957
1,27,0,1,1,957
1,21,1,1,1,957
0,26,0,1,1,957
1,24,5,1,1,957
1,34,3,1,1,957
0,32,0,0,0,957
1,22,2,1,1,957
1,53,2,0,0,957
1,53,2,0,0,957
1,52,0,1,1,957
1,30,0,1,1,957
0,20,2,1,1,957
1,27,0,0,0,957
1,42,0,0,0,957
1,29,0,0,0,957
1,21,0,0,1,1
1,52,3,1,1,1
1,63,2,0,0,1
1,63,0,0,0,1
1,27,1,0,0,1
1,29,1,0,0,1
1,63,0,0,1,1
1,21,3,1,1,1
1,25,0,1,1,1
1,24,1,0,0,1
1,30,0,1,1,1
1,20,0,1,0,1
1,27,1,1,1,1
1,28,1,0,1,1
0,36,0,0,0,1
0,34,1,1,1,1
1,25,0,1,0,1
1,22,1,1,0,1
1,27,1,1,0,1
1,24,1,0,0,1
1,22,0,1,1,1
1,43,3,1,1,1
1,37,1,0,0,1
1,21,0,1,0,1
1,31,2,0,0,1
1,21,3,1,1,1
1,24,2,1,1,2
1,40,0,0,0,2
1,34,0,1,1,2
1,46,0,0,0,2
1,26,0,1,0,2
1,27,1,0,0,2
1,32,0,1,1,2
1,29,0,0,0,2
1,28,1,0,0,2
0,28,1,1,1,2
1,28,1,1,1,2
1,62,1,0,0,2
1,37,0,0,0,2
1,68,1,0,0,2
1,38,0,0,0,2
1,54,0,0,0,2
1,26,1,0,0,2
1,55,1,0,0,2
1,59,1,1,1,2
1,53,1,1,0,2
1,45,0,1,1,2
1,27,2,0,0,2
1,26,0,0,0,2
1,57,0,1,1,2
1,33,3,0,0,2
1,24,1,0,0,2
1,23,3,0,1,2
1,24,0,1,1,2
1,21,2,0,0,2
1,27,0,0,0,2
1,57,0,1,1,2
1,28,1,0,0,2
1,40,0,0,0,2
1,39,0,0,0,2
1,54,0,1,1,2
1,35,0,1,1,2
1,57,0,1,1,2
1,48,1,1,1,2
0,48,3,0,0,2
0,24,0,1,1,2
0,21,1,1,1,2
1,26,0,1,1,2
1,21,0,0,0,2
1,44,1,0,0,2
0,53,1,0,0,2
1,21,2,0,1,2
1,45,1,0,0,2
1,42,1,1,1,2
1,28,1,0,0,2
1,26,2,1,1,2
1,27,0,0,0,3
1,43,0,0,0,3
1,36,0,0,0,3
1,33,2,1,1,3
1,33,0,0,0,3
1,20,0,1,1,3
0,34,0,0,0,3
1,46,4,0,0,3
1,30,2,0,0,3
0,34,2,1,1,3
1,28,0,1,1,3
1,25,3,0,0,3
1,53,2,0,0,3
1,37,2,0,0,3
1,46,2,0,0,3
0,30,4,0,0,3
1,42,0,0,0,3
1,33,0,1,1,3
1,21,4,1,1,3
1,51,2,0,0,3
1,38,2,0,0,3
1,28,0,1,1,3
1,33,0,1,1,3
0,39,2,1,1,3
1,21,0,0,0,3
1,22,0,1,1,3
1,24,2,1,1,3
0,37,0,0,0,3
0,35,0,0,0,3
0,39,2,0,0,3
1,50,1,1,1,3
1,42,2,0,0,3
1,23,2,0,0,3
1,23,2,1,1,3
1,20,0,1,1,3
1,24,2,0,0,3
0,42,2,0,0,3
0,37,4,0,1,3
1,25,2,1,1,3
1,21,4,1,1,3
0,30,0,0,0,3
1,22,0,0,0,3
0,30,2,0,0,3
1,39,2,1,1,3
1,27,0,1,1,3
1,22,2,1,1,3
0,39,2,0,0,3
1,22,0,1,1,3
1,38,0,0,0,3
1,36,0,0,0,3
1,26,0,1,1,3
1,21,0,1,0,3
0,28,2,1,1,3
1,46,2,1,1,3
1,36,0,1,1,3
1,59,3,0,1,3
0,26,0,1,1,3
1,47,2,0,0,3
0,39,2,0,0,3
0,22,2,0,0,3
1,50,1,1,1,3
1,24,0,1,1,3
1,33,2,1,1,3
0,29,2,1,1,3
0,50,0,0,0,3
0,60,2,0,0,3
1,25,0,0,0,3
1,32,0,1,0,3
1,38,0,0,0,3
1,30,2,0,0,3
1,37,2,0,0,3
1,20,0,1,1,3
1,19,2,1,1,3
0,23,2,1,1,3
0,53,2,0,0,4
1,29,0,0,0,4
1,55,0,1,1,4
1,32,0,1,1,4
1,26,0,1,1,4
1,24,0,0,0,4
1,23,2,1,1,4
1,27,2,0,0,4
1,54,0,1,1,4
1,23,4,0,0,4
1,46,0,0,0,4
1,21,4,1,1,4
1,24,2,0,0,4
1,55,0,1,1,4
1,21,2,1,1,4
0,21,0,0,0,4
1,52,2,0,0,4
0,46,2,0,0,4
1,34,0,1,1,4
0,48,0,0,0,4
1,26,2,1,1,4
1,55,0,0,0,4
1,22,0,1,1,4
1,22,2,1,0,4
1,24,3,0,0,4
0,30,2,1,1,4
1,31,2,1,1,4
0,30,2,0,0,4
1,42,0,1,1,4
1,31,0,0,0,4
0,21,2,0,0,4
1,47,2,0,0,4
1,22,2,0,0,4
0,23,0,1,1,4
0,35,0,1,1,4
1,24,0,1,1,4
1,41,0,1,1,4
1,47,2,1,1,4
0,32,3,1,1,4
1,29,2,1,1,4
0,45,2,0,0,4
1,22,2,1,1,4
1,54,0,0,0,4
0,31,2,1,1,4
1,33,0,1,1,4
1,30,0,0,0,4
1,44,4,0,0,4
0,37,2,0,0,4
1,35,2,0,0,4
1,22,0,0,0,4
1,23,3,0,0,4
1,29,2,1,1,4
1,30,0,1,1,4
0,50,0,0,0,4
1,35,0,0,0,4
1,26,0,1,1,4
1,54,0,0,0,4
1,33,2,1,1,4
1,43,3,0,0,4
0,45,2,0,0,4
0,22,2,0,0,4
1,30,2,1,1,4
0,33,2,0,0,4
1,38,0,1,1,4
1,44,0,0,0,4
0,21,2,1,1,4
1,49,0,1,1,4
0,23,2,1,0,4
1,30,0,1,1,4
0,24,0,1,1,4
1,51,3,1,1,4
0,37,4,0,0,4
1,23,0,1,1,4
1,42,0,0,0,4
1,52,2,0,0,4
1,30,4,1,1,4
1,29,0,0,0,4
1,46,0,0,0,4
1,29,0,0,0,4
1,24,0,0,0,4
1,44,2,1,1,4
0,30,2,1,1,4
1,24,2,0,0,4
1,38,2,1,1,4
1,45,0,0,0,4
1,39,0,0,0,4
1,26,2,1,0,4
0,21,2,0,0,4
1,41,0,1,1,4
0,40,4,0,0,4
1,25,4,0,0,4
1,41,2,0,0,4
1,26,0,1,1,4
1,45,0,1,1,4
1,51,2,0,0,4
1,28,3,0,0,4
1,47,2,1,1,4
0,46,2,0,0,4
0,53,1,0,0,5
1,44,3,0,0,5
1,56,1,0,0,5
0,32,2,1,1,5
1,83,2,0,0,5
1,24,1,0,0,5
1,47,1,1,1,5
1,27,0,1,1,5
0,32,1,1,1,5
1,35,0,1,1,5
1,50,1,0,0,5
1,28,0,1,1,5
1,61,0,1,1,5
1,45,1,1,0,5
1,47,0,1,1,5
1,25,1,1,1,5
1,69,1,0,0,5
1,34,1,1,1,5
1,69,1,0,0,5
0,28,1,0,0,5
0,24,0,1,1,5
1,33,0,1,1,5
0,41,0,0,0,5
1,24,2,0,0,5
1,32,0,0,0,5
1,27,0,1,1,5
1,44,1,0,0,5
1,52,2,0,0,5
1,34,0,1,1,5
1,28,3,0,0,5
1,20,2,1,1,5
1,27,1,1,1,5
1,40,1,0,0,5
1,22,0,1,1,5
1,57,0,0,0,5
1,20,3,1,1,5
1,31,0,0,0,5
1,36,0,1,1,5
1,41,1,0,0,5
1,29,2,1,1,5
1,28,0,0,0,5
1,47,0,0,0,5
0,52,1,0,0,5
1,51,1,0,0,5
1,37,1,1,1,5
1,27,1,1,0,5
1,27,1,1,1,5
1,57,0,1,1,5
1,35,0,1,1,5
1,25,1,0,0,5
1,41,0,0,0,5
1,24,0,0,0,5
0,61,0,1,1,5
1,24,2,1,1,5
1,49,0,1,1,5
1,25,3,0,0,5
1,26,0,1,1,5
1,23,0,1,1,5
1,32,0,1,1,5
0,29,0,0,1,5
1,28,0,0,0,5
0,51,1,1,1,5
1,54,1,1,1,5
1,20,3,1,1,5
1,35,0,0,0,5
1,28,2,0,0,5
1,32,0,0,0,5
1,22,0,0,0,5
1,41,0,0,1,5
1,70,1,0,0,5
1,47,1,0,0,5
1,23,0,1,1,5
1,41,1,0,0,5
1,22,0,1,1,5
0,36,1,1,1,5
1,29,2,1,1,5
1,26,0,1,1,5
1,64,0,1,1,5
1,31,0,0,0,5
0,36,1,0,0,5
0,21,0,0,0,5
1,61,0,1,1,5
1,34,0,0,1,5
0,51,0,0,0,5
1,27,0,1,1,5
1,47,0,0,0,5
1,27,1,1,1,5
1,62,1,0,0,5
0,29,0,0,0,5
1,34,0,1,1,5
1,32,0,1,1,5
1,53,1,0,0,5
0,27,0,1,1,5
0,22,1,0,0,5
1,30,0,0,0,5
1,24,2,0,0,5
1,49,1,0,0,5
1,31,0,1,1,5
1,44,1,0,0,5
1,22,0,0,0,5
0,48,3,0,0,5
1,22,0,1,1,5
1,20,0,1,1,5
1,46,3,0,0,5
1,21,0,0,1,5
1,50,3,1,1,5
1,53,1,0,0,5
1,23,0,1,1,5
1,28,1,0,0,5
1,25,0,1,1,5
1,57,0,0,0,5
1,27,1,0,0,5
1,21,2,0,1,5
1,24,0,0,0,5
1,58,0,1,1,5
1,46,1,1,1,5
0,35,0,0,0,5
1,28,3,0,0,5
0,32,2,1,1,5
1,25,2,0,0,5
1,44,1,0,0,5
0,23,0,1,1,5
1,34,0,0,1,6
1,28,0,0,0,6
1,63,0,0,0,6
1,47,2,0,0,6
1,30,0,1,1,6
0,50,0,0,0,6
0,22,0,0,0,6
1,40,2,0,0,6
1,25,2,1,1,6
0,25,0,0,0,6
1,52,2,0,0,6
1,37,2,0,0,6
1,38,0,1,1,6
1,47,2,0,0,6
0,39,2,0,0,6
1,33,0,1,1,6
0,54,0,0,0,6
0,30,0,0,0,6
1,45,0,1,1,6
1,51,2,0,0,6
0,32,3,1,1,6
0,21,2,0,0,6
1,27,0,1,1,6
0,60,2,1,1,6
1,22,4,0,0,6
1,30,0,1,1,6
1,39,2,1,1,6
1,20,3,1,1,6
1,52,2,0,0,6
1,27,0,0,0,6
1,31,0,1,1,6
1,42,2,0,0,6
1,21,0,1,1,6
1,63,2,0,0,6
1,56,2,0,0,6
0,19,2,1,1,6
1,24,0,0,0,6
1,30,0,0,0,6
1,37,4,0,0,6
1,24,2,0,1,6
1,55,0,1,1,6
0,38,0,0,0,6
1,26,0,1,1,6
1,27,0,1,1,6
1,22,0,1,1,6
1,32,2,1,1,6
1,32,2,0,0,6
1,23,3,1,1,6
1,26,2,1,1,6
0,45,2,0,0,6
1,36,0,1,1,6
1,28,2,0,0,6
1,52,4,1,1,6
1,49,0,1,1,6
1,24,2,1,1,6
1,31,2,1,1,6
0,23,0,1,1,6
1,34,2,1,1,6
1,35,0,0,0,6
0,37,4,0,0,6
1,25,0,0,0,6
1,40,2,0,0,6
0,42,4,0,0,6
1,54,3,0,0,6
1,57,0,1,1,6
0,50,2,1,1,6
1,34,2,0,0,6
1,33,4,0,1,6
1,24,2,0,0,6
1,35,0,1,1,6
0,28,0,0,0,6
1,24,0,1,1,6
1,24,0,0,0,6
1,38,0,1,1,6
1,46,2,1,1,6
1,52,2,0,0,6
0,32,2,1,1,6
1,47,2,1,1,6
1,27,0,1,1,6
0,47,0,1,1,6
0,23,4,0,0,6
1,36,4,0,0,6
1,33,4,0,0,6
1,23,3,1,1,6
1,49,2,0,0,6
1,52,0,1,1,6
1,39,0,1,1,6
1,24,2,0,0,6
1,39,2,1,1,6
0,37,4,0,0,6
1,28,0,0,0,6
0,20,0,0,0,6
1,44,0,0,0,6
1,27,0,0,0,6
1,22,0,0,0,6
1,21,2,1,1,6
1,23,2,1,1,6
1,46,0,1,1,6
1,55,0,1,1,6
1,32,2,1,1,6
1,33,2,0,0,6
1,36,0,1,1,6
1,21,3,1,1,6
1,27,0,1,1,6
1,29,0,0,0,6
0,30,0,0,0,6
1,21,0,1,1,6
0,23,4,0,0,6
1,22,4,0,0,6
0,31,0,1,1,6
1,30,0,1,1,6
1,37,2,0,0,6
1,53,2,0,0,6
1,24,0,0,0,6
0,36,2,1,1,6
1,26,0,0,0,6
1,21,1,1,1,6
1,24,3,1,1,6
1,26,2,0,0,6
1,22,2,1,1,6
1,37,2,0,0,6
1,46,2,1,1,6
1,21,0,1,1,6
1,23,0,1,1,6
0,22,0,0,0,6
0,45,2,0,0,6
1,24,3,1,1,6
1,30,0,1,1,6
1,28,0,1,1,6
1,52,3,0,1,6
0,39,2,0,0,6
1,25,0,1,1,6
1,23,3,0,0,6
0,23,2,0,1,6
0,23,0,1,1,6
0,25,0,0,0,6
0,50,0,0,0,6
1,27,0,0,0,6
1,24,2,1,1,6
1,30,0,1,1,6
0,33,0,0,0,6
0,46,0,1,1,6
0,22,2,0,0,6
1,34,2,1,1,6
1,24,0,1,1,6
0,22,0,0,0,6
1,31,2,1,1,6
0,39,2,0,0,6
1,32,0,1,1,7
1,61,2,0,0,7
0,48,0,0,0,7
1,23,0,0,0,7
1,26,2,0,0,7
1,35,1,0,0,7
0,21,2,1,1,7
1,19,0,1,1,7
1,36,0,0,0,7
1,39,0,0,0,7
1,22,0,0,0,7
1,28,2,0,0,7
1,28,2,0,0,7
1,31,2,0,1,7
0,28,2,1,1,7
1,40,2,0,0,7
1,27,0,0,0,7
0,26,2,0,0,7
1,22,0,1,1,7
0,21,2,0,0,7
1,32,5,0,0,7
0,30,5,0,0,7
1,54,0,1,1,7
1,42,2,0,0,7
0,34,0,0,0,7
0,37,2,0,0,7
1,28,2,1,1,7
1,65,0,1,1,7
1,56,0,0,0,7
1,21,0,0,0,7
1,46,5,0,0,7
0,24,2,0,0,7
0,22,2,0,0,7
0,44,3,0,0,7
1,25,2,0,0,7
1,26,0,1,0,7
1,30,0,0,0,7
0,37,2,0,0,7
1,28,0,0,0,7
0,28,5,0,0,7
1,37,0,1,1,7
0,22,0,0,0,7
1,36,0,1,1,7
0,24,0,1,1,7
0,23,0,0,0,7
1,48,0,0,0,7
1,55,2,0,0,7
1,39,2,0,0,7
1,30,2,0,0,7
1,67,0,1,1,7
1,24,2,1,1,7
1,22,0,1,1,7
1,54,0,0,0,7
1,61,2,0,0,7
1,78,2,1,1,7
1,22,0,0,0,7
0,37,2,0,0,7
1,47,2,0,0,7
1,19,0,1,1,7
1,52,2,0,0,7
1,49,2,0,0,7
1,27,0,0,0,7
1,24,0,0,0,7
1,24,3,0,0,7
1,28,0,1,1,7
0,29,2,1,1,7
1,48,0,0,0,7
1,21,0,1,1,7
1,33,2,0,0,7
1,22,0,1,1,7
1,21,0,1,1,7
1,35,0,1,1,7
0,29,0,0,1,7
1,21,3,1,1,7
1,44,2,1,1,7
0,23,0,0,0,7
0,51,2,1,1,7
1,57,0,1,1,7
1,33,0,0,0,7
1,44,0,1,1,7
0,22,0,0,0,7
1,45,3,1,1,7
1,38,4,1,1,7
1,29,2,1,1,7
1,23,5,0,0,7
1,66,0,0,0,7
1,45,3,1,1,7
1,42,2,0,0,7
1,23,0,0,0,7
1,49,2,0,0,7
1,43,0,0,1,7
1,21,0,0,0,7
1,31,0,1,1,7
1,28,2,1,0,7
1,25,2,0,0,7
1,53,0,0,0,7
0,30,3,1,1,7
0,42,2,0,0,7
1,39,2,1,1,7
1,28,0,1,1,7
1,68,2,0,0,7
1,43,3,0,0,7
0,57,2,1,1,7
1,29,0,0,0,7
1,22,0,1,1,7
1,54,0,1,1,7
1,25,0,1,1,7
1,33,0,1,1,7
1,35,0,0,0,7
1,25,0,0,0,7
1,31,0,1,1,7
1,21,5,1,1,7
1,44,0,1,1,7
1,22,0,1,1,7
1,21,2,0,0,7
0,57,3,0,0,7
1,44,0,1,1,7
1,37,2,0,0,7
1,45,0,0,0,7
1,54,0,0,0,7
1,47,0,0,0,7
1,29,0,1,1,7
1,23,3,1,1,7
1,27,0,0,0,7
1,26,0,1,1,7
0,42,2,0,0,7
1,41,2,1,1,7
1,58,0,1,1,7
0,35,2,1,1,7
1,21,5,1,1,7
1,34,0,0,1,7
0,46,0,1,1,7
1,36,0,1,1,7
1,23,0,0,0,7
1,22,0,1,1,7
1,32,0,1,1,7
0,31,0,1,1,7
0,23,2,1,1,7
0,30,5,0,0,7
1,24,0,1,1,7
1,49,0,0,0,7
1,30,2,0,0,7
1,21,5,1,1,7
1,28,0,1,1,7
1,24,0,0,0,7
0,35,0,0,0,7
1,24,2,0,0,7
1,48,0,0,0,7
1,27,0,0,0,7
1,29,0,1,1,7
1,53,2,0,0,7
1,28,2,0,0,7
1,51,2,0,0,7
1,28,0,1,1,7
1,33,0,1,1,7
1,45,2,1,1,7
1,26,2,0,0,7
1,26,0,0,0,7
1,54,0,1,1,7
1,22,5,0,0,7
0,24,2,0,0,7
1,27,0,1,1,7
1,51,2,0,0,7
1,30,0,1,1,7
1,35,0,0,0,7
1,27,0,1,1,7
1,43,2,1,1,7
0,31,2,1,1,7
0,27,0,1,1,7
1,35,0,1,1,7
1,21,0,0,0,7
0,51,2,0,0,7
1,22,0,0,0,8
1,55,2,0,0,8
1,36,0,0,0,8
1,36,2,0,0,8
1,42,0,0,0,8
1,59,3,0,1,8
1,21,0,1,1,8
1,54,3,0,0,8
1,68,2,0,0,8
1,44,2,1,1,8
1,29,2,1,1,8
1,29,0,0,0,8
1,37,2,0,0,8
1,44,0,0,0,8
1,34,2,0,0,8
1,43,5,1,1,8
1,60,2,0,0,8
1,45,2,0,0,8
0,53,2,0,0,8
1,22,2,0,0,8
1,27,0,0,0,8
1,29,0,0,0,8
1,25,2,0,0,8
1,25,0,0,0,8
1,59,3,0,1,8
1,34,2,1,1,8
1,33,0,1,1,8
1,46,0,1,1,8
1,25,0,0,0,8
1,31,0,1,1,8
1,58,0,1,1,8
1,22,0,1,1,8
1,21,3,0,0,8
1,39,0,1,1,8
1,24,0,1,1,8
1,24,2,0,0,8
1,26,3,0,0,8
1,23,0,1,1,8
0,52,0,0,0,8
1,28,0,0,0,8
1,26,0,0,0,8
1,56,0,0,0,8
1,31,3,0,0,8
0,21,2,0,0,8
1,22,2,1,1,8
1,25,2,1,1,8
1,20,0,1,1,8
1,51,2,0,0,8
1,42,2,0,0,8
1,26,0,0,0,8
1,32,0,0,0,8
1,26,0,0,0,8
1,43,2,1,1,8
0,28,0,0,0,8
0,48,0,0,0,8
1,37,2,0,0,8
0,23,3,0,1,8
1,23,2,1,1,8
1,39,2,1,1,8
1,22,2,0,0,8
1,31,3,0,0,8
1,28,2,0,0,8
1,27,2,1,1,8
0,22,2,0,0,8
1,24,0,1,1,8
1,32,0,1,1,8
1,33,0,1,1,8
1,22,0,1,1,8
1,33,0,1,1,8
1,33,0,1,1,8
0,26,0,1,1,8
1,27,0,0,0,8
1,21,2,0,0,8
1,24,0,1,1,8
1,59,0,1,1,8
1,57,0,0,0,8
1,33,5,0,0,8
1,45,0,1,1,8
1,55,0,1,1,8
1,53,3,0,0,8
1,26,0,1,1,8
1,53,2,1,0,8
1,49,0,0,0,8
1,22,0,1,1,8
1,45,2,0,0,8
0,36,0,1,1,8
1,27,0,1,1,8
1,25,0,1,1,8
1,19,0,1,1,8
1,29,0,0,0,8
1,29,0,0,0,8
1,38,0,0,0,8
1,26,0,0,0,8
1,53,2,0,0,8
1,33,5,0,0,8
1,30,5,1,1,8
1,55,2,1,1,8
0,58,2,0,0,8
1,29,5,0,0,8
0,37,0,0,0,8
1,27,0,0,0,8
1,23,0,0,0,8
1,47,2,0,0,8
0,24,0,1,1,8
1,29,2,1,1,8
0,36,0,1,1,8
1,44,0,0,0,8
1,41,0,0,0,8
1,61,2,0,0,8
1,28,0,1,1,8
0,37,0,0,0,8
1,49,0,0,0,8
1,28,2,0,0,8
1,29,2,0,0,8
1,44,0,0,0,8
1,60,2,0,0,8
1,55,2,1,1,8
1,51,2,0,0,8
1,22,2,0,0,8
1,30,0,1,1,8
1,31,0,0,0,8
1,26,3,0,0,8
1,27,2,1,1,8
1,30,0,1,1,8
0,26,0,1,1,8
1,31,0,0,0,8
1,34,2,1,1,8
1,25,0,0,0,8
1,24,5,0,0,8
1,24,2,0,0,8
0,21,2,0,0,8
1,26,0,0,0,8
1,42,0,0,0,8
1,31,2,0,0,8
1,59,0,1,1,8
1,26,0,0,0,8
1,56,2,0,0,8
1,23,0,0,0,8
1,39,2,1,1,8
0,20,0,0,0,8
0,36,0,0,0,8
1,42,0,0,0,8
1,33,0,1,1,8
1,63,3,0,0,8
1,33,0,1,1,8
0,23,2,1,1,8
1,27,0,0,0,8
1,32,0,0,0,8
1,29,0,1,1,8
1,63,0,0,0,8
1,33,5,0,0,8
1,22,0,1,1,8
1,51,2,0,0,8
1,29,0,0,0,8
1,45,0,1,1,8
1,34,0,1,1,8
1,36,0,1,1,8
1,28,0,1,1,8
1,48,0,0,0,8
0,36,2,0,0,8
1,24,2,0,0,8
1,22,0,1,1,8
1,27,0,0,0,8
1,29,2,0,0,8
1,31,3,0,0,8
0,53,2,0,0,8
1,30,2,0,0,8
1,54,0,0,0,8
1,43,5,0,0,8
1,56,2,1,1,8
1,21,0,1,1,8
1,33,0,1,1,8
1,36,0,1,1,8
0,21,2,0,0,8
1,31,2,0,0,8
1,52,2,0,0,8
1,38,0,1,1,8
1,37,2,0,0,8
1,78,2,1,1,8
1,23,2,1,1,8
1,24,0,1,1,8
1,41,0,1,1,8
1,51,2,0,0,8
1,20,0,1,1,8
1,21,0,1,1,8
1,59,3,0,0,8
1,38,2,1,1,8
1,33,0,1,1,8
1,49,0,1,1,8
1,26,3,1,1,8
1,35,0,0,0,8
1,21,2,1,1,8
1,30,0,1,1,8
1,32,2,1,1,8
1,35,0,0,0,8
0,32,3,1,1,8
1,27,1,0,0,9
0,23,0,0,0,9
1,33,0,1,1,9
1,25,2,0,0,9
1,27,0,1,1,9
1,20,0,1,1,9
1,56,0,0,0,9
1,28,0,0,0,9
1,60,1,0,0,9
1,22,1,1,1,9
1,22,1,1,1,9
1,37,1,0,0,9
1,25,1,0,0,9
1,30,0,0,0,9
1,37,0,0,0,9
1,21,0,1,0,9
1,31,1,1,1,9
1,20,4,1,1,9
1,28,0,0,0,9
1,24,0,0,0,9
0,22,0,0,0,9
1,67,0,1,1,9
1,23,0,0,0,9
1,29,1,1,1,9
1,69,4,0,0,9
0,29,0,0,0,9
1,23,0,1,1,9
1,30,0,1,1,9
1,27,1,1,1,9
1,34,1,1,1,9
1,27,1,0,0,9
1,29,0,0,0,9
0,54,1,0,0,9
1,23,1,0,0,9
1,31,2,0,0,9
1,28,0,0,0,9
1,26,1,0,0,9
1,27,1,1,1,9
1,68,1,0,0,9
1,31,1,1,1,9
1,38,0,0,0,9
1,19,0,1,1,9
1,66,1,1,0,9
1,28,0,0,0,9
1,35,0,1,1,9
1,24,4,1,1,9
1,26,0,0,0,9
1,29,1,1,0,9
0,63,2,0,0,9
1,52,0,1,1,9
1,28,0,0,0,9
1,30,0,1,1,9
1,26,0,0,0,9
1,30,1,0,0,9
1,61,1,0,0,9
1,51,2,0,0,9
1,34,0,0,0,9
1,52,2,0,0,9
0,31,1,1,1,9
1,37,1,0,0,9
1,30,0,0,0,9
1,28,1,0,0,9
0,24,0,1,1,9
1,25,1,0,0,9
1,63,2,0,0,9
1,45,0,1,1,9
1,21,0,0,0,9
1,29,0,1,1,9
1,51,1,0,0,9
1,46,1,0,0,9
1,34,1,0,0,9
1,43,1,0,0,9
0,46,1,0,0,9
1,42,1,0,0,9
1,27,0,0,0,9
1,28,4,0,0,9
0,24,1,1,1,9
1,28,1,1,1,9
1,24,0,0,0,9
1,38,0,1,1,9
1,31,0,1,1,9
1,39,4,0,0,9
1,38,0,1,1,9
1,19,0,1,1,9
1,27,0,1,1,9
1,33,1,0,0,9
1,66,1,1,0,9
0,45,1,0,0,9
0,24,1,0,0,9
0,48,4,0,0,9
1,20,0,1,1,9
1,33,0,1,1,9
1,26,0,1,1,9
1,21,0,0,0,9
1,55,1,0,0,9
1,26,1,1,1,9
1,20,4,1,1,9
1,41,0,1,1,9
0,21,1,0,0,9
0,50,1,1,1,9
1,29,0,1,1,9
1,25,1,0,0,9
1,51,1,0,0,9
1,26,1,0,0,9
0,37,1,0,0,9
1,25,0,0,0,9
1,54,0,0,0,9
1,29,1,0,0,9
1,44,0,0,0,9
1,26,0,0,0,9
1,21,0,0,0,9
1,27,3,0,0,9
0,42,1,0,0,9
1,22,0,0,0,9
0,46,1,0,0,9
0,48,4,0,0,9
1,31,2,0,0,9
1,47,2,0,0,9
1,53,1,0,0,9
0,29,0,0,0,9
1,22,1,1,1,9
0,20,0,0,0,9
1,32,0,0,0,9
1,22,1,1,1,9
1,56,0,0,0,9
1,19,0,1,1,9
0,48,0,0,0,9
1,46,0,0,0,9
1,32,0,0,0,9
1,61,1,0,0,9
0,28,1,0,0,9
1,46,0,1,1,9
1,54,0,0,0,9
1,22,0,1,1,9
1,27,1,0,0,9
1,29,2,0,0,9
0,64,1,0,0,9
1,31,1,1,1,9
1,47,1,0,0,9
0,20,0,0,0,9
1,46,4,0,0,9
1,24,0,1,1,9
0,45,1,0,0,9
0,53,0,0,0,9
1,41,1,1,1,9
1,27,0,1,1,9
1,47,0,1,1,9
1,41,0,0,0,9
1,26,0,0,0,9
1,27,1,1,1,9
1,34,1,0,0,9
1,21,0,1,1,9
1,41,1,0,0,9
0,26,1,0,0,9
1,52,0,1,1,9
1,26,0,1,1,9
1,26,0,1,1,9
1,28,1,0,0,9
1,40,1,0,0,9
1,54,0,0,0,9
1,28,0,1,1,9
1,21,4,1,1,9
1,57,0,0,0,9
0,24,0,1,1,9
1,21,1,0,0,9
1,27,2,0,0,9
1,37,1,1,0,9
1,30,0,1,1,9
1,33,0,1,1,9
0,21,1,0,0,9
1,21,2,0,1,9
1,28,4,0,0,9
1,39,1,1,1,9
0,28,0,0,0,9
1,27,1,1,1,9
1,20,0,1,1,9
1,25,1,1,1,9
0,26,0,0,0,9
1,22,0,0,0,9
1,24,2,0,0,9
1,22,0,0,0,9
1,53,2,0,0,9
1,26,0,1,1,9
0,27,2,1,1,9
1,28,0,0,0,9
0,21,1,0,0,9
1,59,1,1,1,9
0,21,2,1,1,9
0,23,0,0,0,9
1,30,0,0,0,9
1,24,0,0,0,9
1,25,2,0,0,9
1,37,0,0,0,9
1,35,0,0,0,9
1,23,0,0,0,9
1,24,0,0,0,9
0,26,0,1,1,9
0,59,1,0,0,9
1,39,1,1,1,9
1,33,4,0,0,9
1,39,1,0,0,9
1,42,0,0,0,9
1,21,0,0,0,9
1,30,0,1,1,9
1,27,1,1,1,9
1,48,1,0,0,9
1,51,0,0,0,9
1,37,1,0,0,9
0,20,4,0,0,9
1,25,1,0,0,9
1,25,2,0,0,9
1,34,1,0,0,9
1,49,0,1,1,9
0,26,1,0,0,9
1,29,0,0,0,9
1,27,0,1,1,9
1,66,1,1,1,9
1,34,0,1,1,9
0,54,1,0,0,9
1,26,0,0,0,9
1,27,2,1,1,10
1,49,2,0,0,10
1,51,0,0,0,10
0,59,2,0,0,10
1,21,0,0,0,10
1,36,5,1,1,10
0,50,2,1,1,10
1,28,2,0,0,10
1,27,0,0,0,10
1,28,2,1,1,10
0,31,0,1,1,10
0,28,2,0,0,10
1,34,0,0,1,10
1,58,0,0,0,10
1,58,0,0,0,10
1,39,0,0,0,10
0,58,2,0,0,10
1,24,2,1,1,10
1,45,0,0,0,10
1,36,5,1,1,10
1,37,2,1,1,10
1,37,2,0,0,10
1,39,2,1,1,10
1,21,1,1,1,10
1,59,2,1,1,10
1,32,3,0,0,10
1,39,0,0,0,10
1,36,0,0,0,10
1,68,2,0,0,10
1,24,2,0,0,10
1,22,0,1,1,10
0,21,0,0,0,10
1,27,0,1,0,10
1,29,0,0,0,10
1,41,2,1,1,10
1,33,0,1,1,10
1,52,2,0,0,10
1,28,0,1,1,10
1,23,2,0,0,10
0,47,0,1,1,10
1,24,5,1,1,10
1,36,2,1,1,10
1,29,0,1,1,10
1,28,0,1,1,10
0,37,2,0,0,10
1,43,3,1,1,10
1,20,0,1,1,10
1,35,0,0,0,10
1,50,2,0,0,10
1,35,0,1,1,10
1,22,0,0,0,10
1,33,5,0,0,10
1,60,5,0,0,10
0,24,0,0,0,10
1,44,2,1,1,10
1,26,0,0,0,10
1,56,2,0,0,10
1,52,0,1,1,10
1,30,2,0,0,10
1,27,0,1,1,10
1,31,0,0,0,10
1,30,0,1,1,10
1,26,2,0,0,10
1,34,2,1,1,10
1,38,2,1,1,10
1,56,0,0,0,10
0,44,3,0,0,10
1,24,0,0,0,10
0,52,2,0,0,10
1,45,3,1,1,10
1,41,2,0,0,10
1,35,1,0,0,10
1,41,2,1,1,10
1,46,2,0,0,10
0,37,2,0,0,10
1,34,0,1,1,10
1,37,0,1,1,10
1,21,0,0,0,10
1,38,0,0,0,10
1,34,3,1,1,10
1,33,0,1,0,10
1,47,0,0,0,10
1,38,0,1,1,10
1,36,3,0,0,10
1,63,0,1,1,10
1,26,0,0,0,10
1,29,3,0,0,10
1,38,2,1,1,10
0,51,0,0,0,10
1,24,2,1,1,10
1,29,0,1,1,10
1,39,0,0,0,10
1,54,0,0,0,10
1,25,2,1,1,10
0,35,0,0,0,10
1,54,3,0,0,10
1,28,0,1,1,10
1,21,3,0,0,10
1,27,2,1,1,10
1,47,0,0,0,10
1,22,0,1,1,10
1,22,0,0,0,10
1,24,2,1,1,10
1,36,0,1,1,10
1,22,0,1,1,10
1,51,2,0,0,10
1,53,2,0,0,10
1,29,2,1,1,10
1,24,2,1,1,10
1,46,0,0,0,10
1,52,2,1,1,10
1,27,2,1,1,10
0,22,2,0,0,10
1,31,2,1,1,10
1,24,5,0,0,10
0,20,5,0,0,10
0,59,2,0,0,10
1,60,2,0,0,10
1,31,2,1,1,10
0,28,3,0,0,10
1,22,2,1,1,10
1,42,2,0,0,10
1,28,0,1,1,10
1,21,5,1,1,10
0,30,5,0,0,10
1,22,0,0,0,10
0,33,0,0,0,10
0,60,2,0,0,10
1,36,0,0,0,10
0,27,0,1,1,10
1,30,2,0,0,10
1,24,2,1,1,10
0,22,0,0,0,10
0,33,2,1,1,10
1,67,0,1,1,10
1,49,2,0,0,10
1,25,3,1,1,10
1,27,0,1,1,10
1,29,3,1,1,10
0,21,0,0,0,10
1,20,0,1,1,10
1,35,0,1,1,10
1,24,2,0,0,10
1,26,3,0,0,10
1,26,2,0,0,10
1,22,3,1,1,10
1,52,2,1,1,10
0,51,0,0,0,10
1,36,0,1,1,10
1,36,2,1,1,10
1,40,0,0,0,10
1,37,0,0,0,10
1,41,2,0,0,10
1,27,2,1,1,10
1,25,0,0,1,10
1,42,2,0,0,10
1,21,0,0,0,10
1,28,0,1,1,10
1,49,2,0,0,10
1,29,0,1,1,10
1,27,0,1,1,10
1,23,2,1,1,10
1,51,0,0,0,10
1,24,0,1,1,10
0,34,0,0,0,10
1,25,0,1,1,10
1,26,0,1,1,10
0,24,0,0,0,10
1,27,2,1,1,10
0,59,2,0,0,10
1,33,5,0,0,10
1,54,0,0,0,10
1,26,2,1,1,10
1,48,2,1,1,10
1,38,2,1,1,10
1,29,0,0,0,10
1,24,5,0,0,10
1,43,0,0,0,10
1,31,0,0,0,10
1,22,2,1,1,10
0,32,0,1,1,10
1,29,0,1,1,10
1,31,5,0,0,10
0,27,0,1,1,10
0,42,2,0,0,10
1,27,0,0,0,10
1,33,0,1,1,10
0,20,5,0,0,10
1,36,0,0,0,10
0,26,2,0,0,10
1,24,3,1,1,10
1,27,0,1,1,10
1,44,0,1,1,10
1,22,0,0,0,10
0,34,2,1,1,10
0,23,5,0,0,10
1,30,0,1,1,10
1,39,2,1,1,10
1,35,1,0,0,10
1,39,0,0,0,10
1,47,0,0,0,10
1,42,2,0,0,10
1,35,0,0,0,10
1,29,0,0,0,10
1,27,2,1,1,10
1,26,0,0,0,10
1,25,2,0,0,10
1,62,3,0,0,10
1,28,2,0,0,10
1,35,0,0,0,10
1,25,0,1,1,10
1,20,0,1,1,10
1,44,0,0,0,10
1,23,2,0,0,10
1,29,2,1,1,10
1,24,3,0,0,10
1,40,0,0,0,10
1,37,2,1,1,10
1,29,0,0,0,10
1,63,0,1,1,10
1,21,0,0,0,10
1,58,0,0,0,10
1,44,5,0,0,10
1,63,0,1,1,10
1,21,1,1,1,10
1,28,0,0,0,10
1,33,5,0,0,10
0,26,2,0,0,10
1,37,2,1,1,10
1,25,2,1,1,10
0,26,0,1,1,10
1,63,2,0,0,10
1,23,0,0,0,10
1,52,3,0,0,10
1,35,0,1,1,10
1,28,0,1,1,10
1,25,0,1,1,10
1,62,3,0,0,10
0,26,0,1,1,10
1,47,0,1,1,10
1,29,0,1,1,10
1,47,2,0,0,10
1,39,5,0,0,10
1,27,2,1,1,10
1,23,0,0,1,11
1,53,0,0,0,11
1,27,0,1,1,11
1,25,2,1,1,11
1,21,0,1,1,11
1,29,0,0,0,11
1,43,0,0,0,11
1,41,0,1,1,11
1,53,2,0,0,11
1,58,0,1,1,11
1,20,0,1,1,11
1,50,1,1,1,11
0,30,3,1,1,11
1,25,0,1,1,11
1,20,0,1,1,11
1,29,0,0,0,11
1,31,3,0,0,11
0,53,0,0,0,11
0,46,2,0,0,11
1,44,0,1,1,11
0,37,0,0,0,11
0,35,2,1,1,11
1,21,3,0,0,11
1,39,0,1,1,11
0,35,0,0,0,11
1,32,2,0,0,11
1,41,0,0,0,11
0,34,2,1,1,11
1,29,2,1,1,11
1,24,5,0,0,11
1,32,0,1,1,11
1,26,2,0,0,11
1,32,0,1,1,11
1,36,2,0,0,11
0,42,2,0,0,11
1,43,0,0,0,11
0,30,5,0,0,11
1,28,0,0,0,11
1,20,0,1,1,11
1,24,2,0,0,11
0,43,2,0,0,11
0,33,2,1,1,11
1,27,0,1,1,11
0,30,3,1,1,11
1,21,0,1,1,11
1,21,0,0,0,11
1,50,2,1,1,11
0,25,2,0,0,11
1,35,0,1,1,11
1,22,0,1,1,11
0,45,2,0,0,11
1,22,2,1,1,11
1,27,0,1,1,11
1,21,2,1,1,11
1,39,0,0,0,11
1,19,2,1,1,11
1,50,0,0,0,11
1,21,0,1,1,11
1,35,0,0,0,11
1,22,2,1,1,11
1,45,3,1,1,11
1,27,2,0,0,11
1,55,2,1,1,11
1,54,5,0,0,11
1,30,5,1,1,11
1,40,0,0,0,11
1,36,5,1,1,11
1,37,2,0,0,11
1,26,0,1,1,11
0,29,0,0,0,11
1,33,0,1,1,11
0,33,2,0,0,11
1,36,5,0,0,11
1,28,2,1,1,11
1,26,2,0,0,11
1,34,3,1,1,11
1,27,0,0,0,11
1,29,0,1,1,11
1,28,2,1,1,11
1,20,0,0,0,11
1,23,0,0,0,11
1,28,0,0,0,11
1,26,2,1,1,11
1,37,2,0,0,11
1,23,0,0,0,11
1,50,0,1,1,11
1,40,2,0,0,11
1,31,2,1,1,11
1,27,2,1,1,11
1,21,2,0,0,11
1,41,2,0,0,11
1,27,2,1,1,11
1,28,0,1,1,11
0,51,2,1,1,11
1,35,0,0,0,11
1,25,3,0,0,11
1,24,2,1,1,11
1,31,2,0,0,11
1,63,0,0,0,11
1,29,0,0,0,11
0,27,3,1,1,11
1,38,0,0,0,11
0,30,2,1,1,11
1,53,2,0,0,11
1,47,0,0,0,11
1,27,0,1,1,11
1,33,5,0,0,11
0,46,2,0,0,11
1,24,2,1,1,11
1,56,2,0,0,11
1,24,0,0,0,11
1,61,0,1,1,11
0,26,2,0,0,11
1,24,2,0,0,11
0,37,0,0,0,11
1,29,0,0,0,11
1,58,0,0,0,11
1,58,0,1,1,11
1,37,3,0,0,11
1,26,0,1,1,11
1,26,0,1,1,11
1,24,3,0,0,11
1,32,0,0,0,11
1,26,0,0,0,11
0,28,5,0,0,11
1,24,0,0,0,11
1,22,2,0,0,11
1,42,2,0,0,11
1,21,3,0,0,11
1,37,2,0,0,11
1,26,0,0,0,11
1,30,3,0,0,11
1,30,2,0,0,11
1,25,0,1,1,11
1,22,0,1,1,11
0,40,5,0,0,11
1,50,0,0,0,11
1,31,3,1,1,11
1,29,2,1,1,11
0,29,0,0,0,11
1,28,0,0,0,11
1,21,5,1,1,11
1,28,2,1,1,11
1,40,2,0,0,11
1,22,2,1,1,11
1,59,0,1,1,11
1,27,0,1,1,11
0,61,0,1,1,11
0,34,0,0,0,11
1,21,0,1,1,11
1,32,0,1,1,11
0,39,2,0,0,11
0,37,0,0,0,11
1,33,0,1,1,11
0,63,3,0,0,11
1,24,2,0,0,11
1,29,0,0,0,11
1,49,5,1,0,11
1,31,2,1,1,11
1,30,2,0,0,11
1,30,3,0,0,11
1,53,2,0,0,11
0,24,0,0,0,11
1,21,0,0,0,11
1,27,2,1,1,11
1,29,3,1,1,11
1,22,0,0,0,11
1,42,0,1,1,11
1,44,0,1,1,11
1,30,3,0,0,11
1,35,0,0,0,11
1,35,0,0,0,11
1,35,0,0,0,11
1,67,0,1,1,11
1,26,0,1,1,11
1,20,0,1,1,11
1,54,2,1,1,11
0,23,5,0,0,11
1,26,0,1,1,11
1,39,0,1,1,11
1,25,0,0,0,11
1,26,2,0,0,11
0,23,0,1,1,11
1,24,2,0,0,11
1,31,2,0,0,11
1,21,0,1,1,11
1,29,0,1,1,11
1,31,5,0,0,11
1,19,2,1,1,11
1,47,3,0,0,11
0,33,2,1,1,11
1,38,2,1,1,11
1,30,5,1,1,11
0,42,2,0,0,11
1,63,0,0,0,11
1,22,0,0,0,11
1,20,0,1,1,11
1,29,2,0,0,11
1,30,2,0,0,11
0,51,0,0,0,11
1,49,2,0,0,11
0,43,2,0,0,11
1,30,0,1,1,11
1,27,0,1,1,11
1,28,0,1,1,11
0,35,0,0,0,11
0,21,2,1,1,11
0,54,2,0,0,11
1,26,0,1,1,11
1,31,2,0,0,11
1,46,2,1,1,11
1,22,2,0,0,11
1,33,2,0,0,11
1,21,0,0,0,11
0,35,2,1,1,11
0,35,0,0,0,11
0,30,2,0,0,11
1,30,5,1,1,11
1,23,3,0,0,11
1,35,0,0,0,11
1,67,0,1,1,11
1,33,5,0,0,11
1,24,0,0,0,11
0,30,0,0,0,11
1,37,3,0,0,11
1,26,2,0,0,11
0,51,2,0,0,11
1,27,4,0,0,11
1,25,0,0,0,11
1,46,2,0,0,11
1,28,2,1,1,11
1,39,2,1,1,11
1,39,0,1,1,11
1,23,5,0,0,11
1,38,0,0,1,11
1,31,0,0,0,11
1,45,2,1,1,11
1,26,0,1,1,11
0,46,2,0,0,11
1,35,0,0,0,11
1,31,2,0,0,11
1,61,2,0,0,11
1,44,0,1,1,11
1,63,0,0,0,11
1,24,5,0,0,11
1,21,0,1,1,11
1,53,2,0,0,11
0,60,2,0,0,11
1,29,0,0,0,11
1,29,2,1,1,11
1,60,2,0,0,11
0,42,2,0,0,11
0,20,0,0,0,11
1,22,2,1,1,11
0,28,0,0,0,11
1,28,0,1,1,11
1,28,2,0,0,11
0,22,2,0,0,11
1,49,5,1,0,11
1,31,2,1,1,11
0,26,2,0,0,11
0,21,0,0,1,11
0,28,5,0,0,11
0,50,0,0,0,11
1,50,2,0,0,11
1,42,2,0,0,11
1,34,0,1,1,11
1,32,2,0,0,11
1,40,0,0,0,11
1,24,0,0,0,11
1,41,0,1,1,12
1,22,2,1,1,12
1,56,2,0,0,12
1,27,3,0,0,12
1,54,5,0,0,12
1,36,0,1,1,12
0,51,2,1,1,12
1,32,0,1,1,12
1,35,0,1,1,12
0,22,0,0,0,12
1,37,2,0,0,12
1,50,5,1,1,12
1,27,2,0,1,12
0,58,2,0,0,12
1,25,0,0,0,12
1,32,0,1,1,12
0,26,0,0,0,12
1,24,2,0,0,12
1,19,2,1,1,12
1,43,5,0,0,12
1,24,2,0,0,12
1,50,0,0,0,12
1,28,0,1,1,12
1,63,0,0,0,12
1,22,0,0,0,12
1,30,0,1,1,12
1,38,2,1,1,12
1,41,2,0,0,12
1,28,0,0,0,12
1,21,0,1,1,12
1,32,0,0,0,12
1,39,2,1,1,12
1,28,0,1,1,12
0,57,3,0,0,12
0,47,0,1,1,12
1,27,0,0,0,12
1,26,0,0,0,12
1,28,2,0,0,12
1,24,0,1,1,12
1,43,0,0,0,12
0,36,0,0,0,12
1,23,2,0,0,12
0,39,2,1,1,12
0,50,2,1,1,12
1,34,0,0,1,12
0,22,2,0,0,12
1,25,0,1,1,12
1,24,3,0,1,12
0,23,0,0,0,12
0,53,2,0,0,12
1,22,2,1,1,12
1,37,2,0,0,12
1,67,0,1,1,12
1,27,0,1,1,12
1,21,0,0,0,12
1,22,0,0,0,12
1,26,2,1,1,12
1,27,0,1,1,12
1,20,0,1,1,12
1,39,2,1,1,12
1,59,0,1,1,12
1,26,0,1,1,12
1,32,0,0,0,12
1,39,0,1,1,12
1,39,5,0,0,12
1,49,0,0,0,12
0,25,0,0,0,12
1,26,0,1,1,12
1,44,0,0,0,12
1,25,3,0,0,12
1,20,0,1,1,12
1,27,0,1,1,12
1,48,2,1,1,12
1,21,2,1,1,12
1,62,2,0,0,12
1,37,0,1,1,12
0,53,2,0,0,12
1,24,2,0,0,12
1,63,3,0,0,12
0,37,0,0,0,12
0,37,2,0,0,12
0,32,3,1,1,12
1,46,2,1,1,12
1,31,0,1,1,12
1,56,2,0,0,12
1,31,2,1,1,12
1,23,0,0,0,12
1,20,2,0,0,12
1,26,2,1,1,12
1,27,2,0,0,12
1,37,0,1,1,12
0,20,5,0,0,12
1,21,0,1,1,12
1,56,2,0,0,12
1,25,0,1,1,12
0,23,3,0,1,12
1,70,2,0,0,12
1,42,0,0,0,12
1,25,0,1,1,12
1,29,2,1,1,12
0,22,2,0,0,12
1,41,0,1,1,12
1,49,5,1,1,12
1,31,5,0,0,12
1,35,0,0,0,12
1,36,3,0,0,12
1,33,5,0,0,12
1,24,0,0,0,12
1,39,0,0,0,12
0,35,0,0,0,12
1,27,3,0,0,12
1,27,0,1,1,12
1,63,2,0,0,12
1,37,0,1,1,12
0,20,2,1,1,12
1,62,0,0,0,12
0,31,3,0,0,12
1,21,2,0,0,12
0,50,2,1,1,12
1,30,0,1,1,12
1,21,3,0,1,12
1,52,0,0,0,12
0,19,2,1,1,12
0,53,2,0,0,12
1,28,0,0,0,12
0,57,2,1,1,12
1,59,2,1,1,12
1,46,2,0,0,12
1,36,5,1,1,12
0,33,0,1,1,12
1,32,3,0,0,12
1,24,0,1,0,12
1,32,2,1,1,12
1,31,0,1,1,12
1,22,2,1,1,12
1,50,0,1,1,12
1,27,2,0,0,12
1,66,2,1,1,12
1,32,3,0,0,12
1,36,2,1,1,12
1,22,2,1,1,12
1,47,2,0,0,12
1,43,3,0,0,12
0,30,0,0,0,12
1,54,0,1,1,12
0,26,0,0,0,12
1,28,5,0,0,12
1,55,0,1,1,12
0,23,2,1,1,12
1,34,0,0,0,12
1,52,0,0,0,12
1,29,0,0,0,12
1,29,0,1,1,12
1,26,3,0,0,12
1,20,2,0,0,12
1,41,0,1,1,12
1,30,0,0,0,12
0,29,0,0,0,12
1,29,2,1,1,12
1,22,2,1,1,12
1,20,0,1,1,12
1,58,0,0,0,12
1,21,0,1,1,12
1,27,0,0,0,12
1,26,0,1,1,12
1,22,2,1,0,12
1,34,2,0,0,12
0,33,2,1,1,12
1,46,5,0,0,12
1,25,2,1,1,12
1,21,0,1,1,12
1,26,0,1,1,12
1,24,0,0,0,12
1,30,0,0,0,12
1,36,3,1,1,12
1,30,0,0,0,12
1,27,2,1,1,12
1,22,0,1,1,12
1,26,0,1,1,12
1,66,2,0,0,12
1,29,2,1,1,12
1,70,2,0,0,12
1,21,5,1,1,12
1,32,3,0,0,12
1,25,0,1,1,12
0,28,2,1,1,12
1,22,0,1,1,12
0,38,0,0,0,12
1,42,0,1,1,12
1,24,3,1,1,12
0,32,0,0,0,12
1,25,0,1,1,12
1,29,0,1,1,12
1,37,2,0,0,12
1,22,2,1,1,12
1,32,2,0,0,12
0,50,2,1,1,12
0,23,5,0,0,12
1,39,2,1,1,12
1,22,3,1,1,12
1,55,0,1,1,12
1,34,2,0,0,12
1,24,0,0,0,12
1,24,2,1,1,12
1,46,2,1,1,12
0,21,2,0,0,12
1,29,2,1,1,12
0,26,0,1,1,12
1,21,2,0,0,12
1,62,0,0,0,12
1,52,0,1,1,12
1,27,2,0,0,12
1,23,0,1,0,12
1,66,2,0,0,12
1,21,5,1,1,12
1,28,2,0,0,12
1,25,3,1,1,12
1,20,0,1,1,12
1,27,2,0,0,12
1,24,0,1,1,12
1,44,2,0,0,12
1,39,0,1,1,12
1,68,2,0,0,12
0,32,2,1,1,12
0,47,0,1,1,12
1,32,0,1,1,12
1,49,0,1,1,12
1,29,0,1,1,12
1,22,0,1,1,12
0,23,0,1,1,12
1,37,2,0,0,12
1,23,0,0,0,12
0,32,2,1,1,12
1,28,0,0,0,12
1,25,0,1,1,12
0,30,3,1,1,12
0,46,2,0,0,12
1,27,0,1,1,12
1,53,2,0,0,12
1,26,2,1,1,12
1,33,0,1,1,12
1,37,0,1,1,12
1,54,0,0,0,12
1,48,0,0,0,12
1,35,0,0,0,12
1,23,2,0,0,12
1,21,3,0,0,12
1,21,5,1,1,12
1,25,2,1,1,12
1,25,2,1,1,12
1,49,5,1,1,12
1,37,2,1,1,12
1,46,2,0,0,12
1,34,0,1,1,12
1,29,2,1,0,12
1,38,0,0,0,12
1,21,2,0,0,12
1,32,3,0,0,12
0,22,2,0,0,12
0,57,3,0,0,12
1,25,0,0,0,12
1,22,0,1,1,12
1,28,0,1,1,12
1,21,2,0,0,12
1,32,0,0,0,12
1,35,0,0,0,12
1,28,0,1,1,12
1,31,0,0,0,12
1,20,0,0,0,12
1,71,0,0,0,12
1,39,2,1,1,12
1,28,2,1,1,12
1,34,2,0,0,12
1,24,5,1,1,12
0,53,2,0,0,12
1,27,0,0,0,12
1,30,5,0,0,12
1,25,0,0,0,12
0,60,2,0,0,12
1,29,0,0,0,12
0,34,4,1,1,12
1,30,5,1,1,12
1,22,0,0,0,12
1,27,0,1,1,12
1,21,2,0,0,12
1,47,2,0,0,12
1,28,0,1,1,12
1,35,0,1,0,12
1,25,2,0,0,12
1,54,5,0,0,12
1,21,0,0,0,12
1,29,0,0,0,12
0,24,0,1,1,12
0,58,2,0,0,12
1,32,0,0,0,13
0,27,0,1,0,13
1,27,0,1,1,13
1,30,0,1,1,13
0,56,0,0,0,13
1,22,0,1,1,13
1,64,0,1,1,13
1,24,2,1,1,13
1,35,0,0,0,13
0,51,2,0,0,13
1,52,2,1,1,13
1,66,2,1,0,13
1,70,2,0,0,13
1,21,2,0,0,13
0,26,0,0,0,13
1,49,2,0,0,13
1,22,0,1,1,13
1,22,0,1,1,13
1,34,2,1,1,13
1,31,0,1,1,13
1,52,2,0,0,13
1,22,0,1,1,13
1,33,0,1,1,13
1,31,2,1,1,13
0,57,3,0,0,13
1,61,2,0,0,13
1,27,0,1,1,13
1,41,0,1,1,13
1,38,2,1,1,13
1,22,0,1,1,13
1,53,2,0,0,13
1,47,2,0,0,13
1,29,0,1,1,13
1,24,2,0,0,13
1,50,2,1,1,13
1,43,2,1,1,13
1,26,0,1,1,13
0,30,0,0,0,13
1,28,3,0,0,13
0,25,4,0,0,13
1,30,0,1,1,13
1,27,0,0,0,13
1,30,2,0,0,13
1,29,0,1,1,13
1,22,2,0,0,13
1,54,3,0,0,13
1,25,3,0,0,13
1,28,2,1,1,13
1,21,0,1,1,13
1,55,2,1,1,13
1,52,2,1,1,13
0,35,0,0,0,13
0,25,0,0,0,13
0,20,2,1,1,13
0,22,0,0,0,13
1,52,2,0,0,13
0,39,2,1,1,13
0,19,2,1,1,13
1,21,0,1,1,13
0,22,2,0,0,13
1,30,0,0,0,13
1,23,0,1,1,13
0,26,2,0,0,13
1,54,3,0,0,13
1,45,0,1,1,13
1,27,0,1,1,13
1,31,0,0,0,13
0,48,2,0,0,13
1,50,1,1,1,13
1,28,0,0,0,13
1,24,0,1,1,13
1,27,0,1,1,13
1,23,0,1,1,13
0,37,0,0,0,13
1,21,3,0,1,13
1,70,2,0,0,13
1,52,0,1,1,13
1,23,0,0,0,13
1,45,3,1,1,13
1,38,0,0,1,13
1,34,2,1,1,13
1,24,0,0,0,13
1,24,0,0,0,13
1,54,0,1,1,13
0,23,0,0,0,13
0,31,0,0,0,13
1,23,0,0,1,13
1,58,2,0,0,13
1,57,0,1,1,13
1,57,0,0,0,13
1,36,3,0,0,13
1,26,0,1,1,13
1,34,0,1,1,13
1,37,2,1,1,13
1,21,1,1,1,13
1,37,2,0,0,13
1,25,0,1,1,13
1,42,0,0,0,13
1,26,0,1,1,13
1,22,2,1,1,13
1,29,3,0,0,13
1,30,3,0,0,13
1,22,0,1,1,13
1,24,2,1,1,13
1,22,0,0,0,13
1,42,0,0,0,13
1,22,0,0,0,13
1,42,4,0,0,13
1,26,0,0,0,13
1,35,0,0,0,13
0,21,2,0,0,13
1,38,3,1,1,13
1,51,3,0,0,13
1,40,2,0,0,13
1,24,2,0,0,13
1,28,0,0,0,13
1,22,4,0,0,13
1,22,0,1,1,13
1,47,3,0,0,13
1,34,2,0,0,13
0,23,4,0,0,13
1,34,3,1,1,13
1,46,4,0,0,13
1,29,0,0,0,13
1,27,0,0,0,13
1,52,2,0,0,13
1,28,2,1,1,13
1,57,0,0,0,13
1,50,2,1,1,13
1,53,2,0,0,13
0,54,2,0,0,13
1,25,0,1,1,13
1,59,2,1,1,13
1,46,2,1,1,13
1,64,3,0,0,13
1,48,2,1,1,13
0,33,0,1,1,13
1,29,0,0,0,13
1,41,2,0,0,13
1,20,4,1,1,13
1,28,0,1,1,13
1,58,0,1,1,13
1,37,2,0,0,13
1,43,2,0,0,13
1,52,3,0,0,13
1,29,3,1,1,13
0,21,0,1,1,13
0,22,2,0,0,13
1,34,2,0,0,13
1,23,2,0,0,13
1,38,3,1,1,13
1,22,2,1,1,13
1,42,0,0,0,13
1,36,0,0,0,13
1,38,0,0,0,13
1,22,2,1,1,13
1,31,0,1,1,13
1,59,2,1,1,13
1,21,0,0,0,13
1,46,0,1,1,13
1,30,0,1,1,13
1,48,2,1,1,13
1,61,0,1,1,13
1,21,0,0,0,13
1,44,2,1,1,13
1,26,0,1,1,13
1,25,2,0,0,13
1,20,0,1,1,13
1,26,2,1,1,13
1,23,0,1,0,13
1,31,0,1,1,13
1,30,0,1,1,13
1,31,2,0,0,13
1,29,3,1,1,13
1,29,3,0,0,13
1,35,0,0,0,13
1,57,0,0,0,13
1,30,4,1,1,13
1,43,2,0,0,13
1,36,0,1,1,13
1,21,0,0,0,13
1,24,0,0,0,13
1,19,0,1,1,13
1,44,0,1,1,13
1,26,0,0,0,13
1,53,2,1,1,13
1,66,0,1,1,13
1,23,0,0,0,13
1,24,0,0,0,13
1,26,0,1,1,13
1,42,2,1,1,13
1,24,0,0,0,13
1,27,2,0,0,13
1,52,3,0,0,13
1,27,3,0,0,13
1,24,2,0,0,13
1,25,0,0,0,13
1,32,3,0,0,13
0,22,0,0,0,13
1,42,2,0,0,13
1,37,0,1,1,13
1,34,0,0,0,13
1,24,4,1,1,13
1,62,2,0,0,13
1,55,3,1,1,13
1,50,1,1,1,13
1,34,2,1,1,13
1,63,3,0,0,13
0,37,0,0,0,13
1,46,2,1,1,13
1,42,0,0,0,13
1,23,2,0,0,13
1,33,0,1,1,13
0,22,2,0,0,13
1,38,2,1,1,13
1,37,2,0,0,13
0,21,0,1,1,13
1,21,0,1,1,13
1,31,0,0,0,13
1,28,0,1,1,13
1,39,0,1,1,13
0,48,2,0,0,13
1,31,2,0,0,13
1,33,2,0,0,13
1,25,4,0,0,13
1,38,0,0,0,13
0,21,2,0,0,13
1,21,0,1,1,13
1,53,2,0,0,13
1,24,2,1,1,13
1,32,3,0,0,13
1,53,3,0,0,13
0,51,0,0,0,13
1,44,2,0,0,13
1,28,2,0,0,13
0,24,2,1,1,13
0,24,2,0,0,13
1,34,3,1,1,13
1,29,0,0,0,13
0,21,0,1,1,13
1,27,0,0,0,13
1,25,3,0,0,13
1,57,0,1,1,13
1,21,3,0,0,13
1,66,2,1,0,13
1,52,4,1,1,13
0,31,3,0,0,13
0,51,2,0,0,13
1,42,2,0,0,13
1,39,0,1,1,13
0,33,2,0,0,13
1,34,0,1,1,13
1,42,0,1,1,13
1,43,4,0,0,13
1,26,0,1,0,13
1,21,0,1,1,13
0,22,2,0,0,13
1,54,2,1,1,13
1,46,4,0,0,13
0,27,0,1,1,13
1,43,2,0,0,13
1,24,2,1,1,13
1,28,0,0,0,13
0,59,2,0,0,13
1,36,0,1,1,13
1,66,0,1,1,13
1,42,4,0,0,13
1,25,0,1,1,13
1,23,2,0,0,13
0,19,2,1,1,13
1,38,0,0,0,13
1,58,2,0,0,13
1,69,3,0,0,13
1,25,2,0,0,13
1,27,0,1,1,13
0,33,0,1,1,13
1,45,2,1,1,13
1,23,0,1,1,13
1,44,0,0,0,13
1,27,2,1,1,13
1,58,0,1,1,13
0,48,2,0,0,13
1,35,0,1,1,13
1,29,0,0,0,13
1,54,3,0,0,13
1,41,0,1,1,13
1,22,2,1,1,13
1,27,2,1,1,13
1,34,2,1,1,13
1,30,0,0,0,13
1,52,2,1,1,13
1,64,3,0,0,13
1,44,2,1,0,13
1,27,0,1,1,13
1,38,3,1,1,13
1,25,2,0,0,13
1,29,0,1,1,13
1,56,0,0,0,13
0,57,3,0,0,13
1,21,0,1,1,13
1,60,4,0,0,13
1,35,0,0,0,13
1,33,0,1,1,13
0,52,2,0,0,13
1,70,2,0,0,13
1,19,0,1,1,13
1,52,0,1,1,13
1,47,0,0,0,13
1,41,2,1,1,13
1,42,4,0,0,13
1,20,4,1,1,13
1,38,0,0,0,13
0,22,0,0,0,13
1,54,0,1,1,13
1,22,2,1,1,13
1,32,0,1,1,13
1,28,0,0,0,13
1,50,2,0,0,13
1,29,0,0,0,14
1,32,0,0,0,14
1,26,0,1,1,14
0,39,2,1,1,14
0,25,2,1,1,14
1,34,0,1,1,14
1,27,5,1,1,14
0,21,3,1,1,14
1,21,3,1,1,14
1,28,0,0,0,14
0,32,0,0,0,14
1,25,2,1,1,14
1,27,2,0,0,14
0,61,0,1,1,14
1,26,0,0,0,14
1,38,0,0,0,14
1,29,2,1,1,14
1,38,0,0,1,14
1,29,0,1,1,14
1,27,2,0,0,14
1,27,2,1,1,14
1,38,2,1,1,14
1,23,0,0,1,14
1,25,2,0,0,14
1,69,5,0,0,14
0,57,2,1,1,14
1,34,0,0,0,14
1,40,2,0,0,14
1,39,5,0,0,14
0,24,3,1,1,14
1,27,0,1,1,14
0,22,2,0,0,14
0,56,0,0,0,14
1,44,0,1,1,14
1,55,0,0,0,14
1,28,0,0,0,14
1,51,2,0,0,14
1,25,5,0,0,14
0,22,2,0,0,14
1,61,2,0,0,14
1,26,3,1,1,14
1,22,2,1,1,14
1,37,0,1,1,14
1,27,0,1,1,14
1,28,0,0,0,14
1,29,0,1,1,14
0,42,2,0,0,14
1,47,2,1,1,14
1,23,5,0,0,14
1,45,0,0,0,14
1,32,3,0,0,14
1,69,5,0,0,14
1,51,3,1,1,14
1,25,0,0,0,14
0,23,0,1,1,14
0,35,0,0,0,14
1,28,0,0,0,14
1,38,0,1,1,14
1,22,3,1,1,14
1,41,0,0,0,14
1,68,2,0,0,14
1,32,2,1,1,14
1,22,0,1,1,14
0,20,0,0,0,14
0,24,2,0,0,14
1,53,2,0,0,14
1,31,0,0,0,14
0,31,3,0,0,14
0,23,0,1,1,14
1,24,2,1,1,14
1,23,2,1,1,14
1,46,5,0,0,14
1,37,2,0,0,14
1,38,0,0,0,14
1,41,0,1,1,14
1,29,0,0,0,14
1,32,0,1,1,14
0,39,2,0,0,14
1,35,0,0,0,14
0,30,0,0,0,14
0,26,0,0,0,14
1,28,0,0,0,14
0,34,0,0,0,14
0,54,0,0,0,14
0,29,2,1,1,14
1,29,0,0,0,14
1,34,2,1,1,14
1,34,3,1,1,14
0,46,2,0,0,14
1,24,2,0,0,14
0,24,2,1,1,14
1,33,0,1,1,14
0,27,0,1,1,14
1,25,0,1,1,14
1,36,0,1,1,14
1,29,2,0,0,14
1,56,2,0,0,14
1,52,0,0,0,14
1,27,2,0,0,14
1,30,5,1,1,14
1,21,2,1,1,14
1,31,0,1,1,14
1,61,2,0,0,14
0,23,0,0,0,14
0,36,2,0,0,14
1,28,5,0,0,14
1,25,0,0,0,14
1,40,2,1,1,14
1,32,0,0,0,14
1,25,0,1,1,14
1,29,2,0,0,14
0,25,2,0,0,14
1,21,2,1,1,14
1,21,0,1,1,14
1,26,2,0,0,14
1,42,5,0,0,14
1,21,5,1,1,14
0,28,0,0,0,14
0,20,2,1,1,14
1,47,0,0,0,14
1,22,3,0,0,14
1,23,2,1,1,14
1,58,3,0,0,14
1,26,2,1,1,14
1,37,2,0,0,14
0,38,2,1,1,14
1,24,5,0,0,14
1,38,0,0,0,14
1,45,3,1,1,14
1,22,0,0,0,14
1,36,0,0,0,14
1,39,2,1,1,14
0,32,0,0,0,14
0,21,2,0,0,14
1,29,0,0,0,14
1,30,2,1,1,14
1,69,2,0,0,14
0,31,0,0,0,14
0,29,2,1,1,14
1,29,0,0,0,14
1,44,2,1,1,14
0,42,5,0,0,14
1,25,2,1,1,14
1,34,2,1,1,14
1,41,2,0,0,14
1,30,0,1,1,14
1,23,2,1,1,14
1,63,3,0,0,14
1,42,0,1,1,14
0,21,3,1,1,14
1,36,0,1,1,14
1,26,3,1,1,14
0,24,2,0,0,14
1,28,0,0,0,14
0,24,2,1,1,14
0,60,2,1,1,14
1,32,0,0,0,14
1,34,0,0,0,14
1,29,0,1,1,14
0,48,0,0,0,14
1,46,0,0,0,14
0,32,0,0,0,14
1,29,0,0,0,14
1,27,0,1,1,14
1,33,0,1,1,14
1,53,0,0,0,14
0,24,0,1,1,14
1,28,2,0,0,14
1,61,0,1,1,14
1,53,2,0,0,14
1,52,2,0,0,14
1,27,0,1,1,14
1,44,2,0,0,14
1,25,2,1,1,14
1,41,2,1,1,14
0,31,0,0,0,14
0,24,2,1,1,14
1,44,2,0,0,14
0,28,2,1,1,14
0,39,2,0,0,14
1,31,0,0,0,14
0,39,2,0,0,14
1,30,0,1,1,14
1,30,0,1,1,14
1,23,0,0,0,14
0,49,2,0,0,14
0,21,2,0,0,14
1,45,0,1,1,14
1,23,2,1,1,14
1,24,0,0,0,14
1,44,0,0,0,14
1,21,0,1,1,14
1,51,2,0,0,14
1,21,2,0,0,14
1,25,3,0,0,14
1,35,0,0,0,14
1,48,0,1,1,14
1,33,2,0,0,14
1,23,0,1,1,14
1,27,0,1,1,14
1,52,3,0,0,14
1,45,3,1,1,14
0,46,2,0,0,14
1,43,3,1,1,14
1,34,0,1,1,14
0,23,0,0,0,14
1,27,0,1,1,14
1,27,0,0,0,14
0,45,2,0,0,14
1,22,0,0,0,14
1,36,0,1,1,14
1,48,0,1,1,14
1,24,2,0,0,14
0,39,2,0,0,14
1,48,2,0,0,14
0,22,0,0,0,14
1,29,0,0,0,14
1,42,2,0,0,14
1,34,0,0,0,14
0,23,0,0,0,14
1,21,2,1,0,14
1,20,2,0,0,14
1,61,2,0,0,14
1,31,0,0,0,14
1,58,0,1,1,14
1,47,2,1,1,14
1,22,0,0,0,14
1,33,0,1,1,14
1,27,2,0,0,14
1,37,0,1,1,14
1,40,2,0,0,14
0,53,2,0,0,14
0,45,2,0,0,14
0,23,0,0,0,14
1,38,0,1,1,14
1,21,2,1,1,14
1,23,5,0,0,14
1,27,0,1,1,14
1,27,0,1,1,14
0,30,0,0,0,14
1,39,0,0,0,14
0,21,2,0,0,14
1,27,5,1,1,14
1,23,0,1,1,14
1,22,0,0,0,14
1,23,0,0,1,14
1,24,0,1,1,14
1,23,0,0,0,14
1,26,2,1,1,14
1,63,3,0,0,14
1,21,5,1,1,14
0,38,0,0,0,14
1,34,3,1,1,14
0,31,0,0,0,14
1,24,0,1,1,14
1,55,0,1,1,14
0,47,0,1,1,14
0,32,0,0,0,14
1,32,0,0,0,14
1,42,2,0,0,14
1,22,0,1,1,14
1,29,0,1,1,14
1,24,0,1,1,14
1,25,5,0,0,14
1,53,2,0,0,14
1,35,0,0,0,14
0,37,5,0,0,14
1,27,3,0,0,14
0,22,3,1,1,14
1,39,0,0,0,14
0,37,2,0,0,14
1,26,2,0,0,14
1,46,0,1,1,14
1,27,5,1,1,14
1,69,5,0,0,14
1,24,0,0,0,14
1,27,0,1,1,14
1,25,2,0,0,14
1,31,2,1,1,14
0,27,0,1,1,14
0,20,0,0,0,14
1,46,0,0,0,14
1,32,0,1,1,14
0,38,0,0,0,14
1,25,2,1,1,14
1,53,2,0,0,14
1,51,3,0,0,14
1,22,0,1,1,14
1,42,5,0,0,14
0,23,0,1,1,14
1,69,2,0,0,14
1,63,3,0,0,14
1,29,2,1,1,14
0,23,0,1,1,14
1,43,3,0,0,14
0,51,0,0,0,14
1,32,2,1,1,14
0,41,0,0,0,14
1,70,2,0,0,14
0,22,2,0,0,14
1,37,0,1,1,14
0,22,2,0,0,14
0,36,2,0,0,14
0,21,0,0,0,14
0,24,0,0,0,14
1,53,0,0,0,14
1,44,2,1,1,14
0,29,0,0,1,14
0,24,0,1,1,14
0,23,0,1,1,14
1,47,2,0,0,14
1,43,2,0,0,14
0,32,0,0,0,14
1,27,0,1,1,14
1,26,2,1,1,14
1,40,2,0,0,14
1,29,2,1,1,14
0,42,2,0,0,14
1,25,0,0,0,14
1,22,3,0,0,14
0,54,0,0,0,14
1,24,2,1,1,14
1,52,0,0,0,14
1,28,0,0,0,14
1,39,2,1,1,14
1,28,2,1,1,14
0,53,2,0,0,14
1,35,0,1,1,14
1,24,3,1,1,14
1,69,3,0,0,14
1,39,2,1,1,14
0,36,0,0,0,14
1,42,0,0,0,14
0,37,0,0,0,14
1,23,2,0,0,14
1,26,0,1,1,14
1,27,2,0,0,14
1,38,4,1,1,14
0,28,0,0,0,14
1,34,0,1,1,14
1,22,0,1,1,14
1,39,5,0,0,14
1,35,0,0,0,15
1,32,0,0,0,15
0,34,2,1,1,15
0,25,0,0,0,15
1,58,0,1,1,15
1,20,0,1,1,15
1,32,0,1,1,15
1,25,0,1,1,15
1,29,0,0,0,15
1,63,0,1,1,15
0,61,0,1,1,15
0,39,2,1,1,15
1,61,0,1,1,15
1,30,0,1,1,15
1,19,0,1,1,15
1,53,0,0,0,15
1,28,0,1,1,15
0,22,0,0,0,15
1,56,2,0,0,15
1,41,2,1,1,15
1,32,0,1,1,15
1,28,2,0,0,15
0,30,5,0,0,15
1,43,2,0,0,15
1,25,3,0,0,15
1,53,3,0,0,15
1,23,3,0,0,15
1,53,2,1,1,15
1,29,0,0,0,15
1,29,2,1,1,15
0,48,0,0,0,15
1,33,2,0,0,15
1,28,0,1,1,15
1,21,3,1,1,15
1,29,0,0,0,15
1,27,0,0,0,15
0,25,2,1,1,15
1,25,0,1,0,15
1,70,2,0,0,15
0,20,0,0,0,15
1,30,0,1,1,15
1,25,2,1,1,15
1,30,0,1,1,15
0,22,0,0,0,15
1,28,3,0,0,15
1,39,2,1,1,15
1,23,3,1,1,15
1,31,0,1,1,15
0,21,2,0,0,15
0,22,0,0,0,15
1,39,0,1,1,15
1,29,0,0,0,15
1,31,5,0,0,15
1,49,2,0,0,15
1,25,2,0,0,15
0,48,0,0,0,15
0,51,0,0,0,15
0,33,0,0,0,15
1,22,0,1,1,15
1,23,3,1,1,15
1,54,0,0,0,15
1,62,2,0,0,15
1,24,0,1,1,15
1,52,2,1,1,15
0,19,2,1,1,15
1,35,2,0,0,15
1,24,0,1,1,15
1,36,0,0,0,15
1,24,0,1,1,15
1,32,0,1,1,15
1,28,5,0,0,15
1,51,2,0,0,15
1,31,0,0,0,15
1,20,3,1,1,15
0,19,2,1,1,15
1,22,0,1,1,15
1,40,2,0,0,15
0,21,3,1,1,15
0,22,3,1,1,15
1,46,2,1,1,15
1,48,0,0,0,15
1,21,0,1,1,15
1,23,0,1,1,15
1,19,2,1,1,15
0,37,2,0,0,15
1,38,0,0,1,15
1,44,2,1,1,15
1,62,3,0,0,15
1,31,0,0,0,15
0,22,2,0,0,15
1,34,2,1,1,15
1,42,0,0,0,15
1,34,0,0,0,15
1,22,2,0,0,15
1,44,2,0,0,15
1,30,2,0,0,15
1,31,0,1,1,15
1,21,0,1,1,15
1,23,0,1,1,15
0,53,2,0,0,15
1,52,2,1,1,15
1,26,0,0,0,15
1,54,0,0,0,15
1,31,2,0,0,15
1,24,5,1,1,15
1,34,2,0,0,15
1,26,0,1,0,15
1,28,0,0,0,15
1,22,2,1,1,15
1,54,0,0,0,15
0,23,0,0,0,15
1,22,0,1,1,15
0,37,0,0,0,15
1,24,3,0,0,15
1,23,3,1,1,15
0,43,2,0,0,15
1,24,0,0,0,15
0,27,0,1,1,15
1,34,2,0,0,15
1,23,0,1,0,15
1,27,0,1,1,15
1,24,5,1,1,15
1,28,3,1,1,15
1,32,0,1,1,15
1,29,0,0,0,15
1,42,2,0,0,15
1,28,2,1,1,15
0,31,3,0,0,15
1,41,0,0,0,15
1,39,0,1,1,15
1,27,2,0,0,15
0,25,0,0,0,15
1,32,2,0,0,15
1,43,2,1,1,15
1,57,0,1,1,15
1,22,3,1,1,15
0,21,2,0,0,15
0,30,0,0,0,15
1,50,5,1,1,15
1,42,0,0,0,15
1,21,2,0,0,15
1,42,2,0,0,15
1,26,0,1,1,15
0,21,2,0,0,15
1,49,0,0,0,15
0,29,2,1,1,15
0,22,2,0,0,15
1,27,0,1,1,15
1,27,0,0,0,15
1,63,0,0,0,15
0,54,2,0,0,15
1,39,2,1,1,15
1,34,2,1,1,15
1,41,0,1,1,15
1,40,2,1,1,15
1,33,2,1,1,15
1,41,2,0,0,15
1,24,0,1,1,15
1,33,0,1,1,15
1,35,0,0,0,15
1,29,0,0,0,15
1,30,0,1,1,15
1,29,5,0,0,15
1,38,0,0,0,15
1,20,0,1,1,15
0,31,0,1,1,15
0,33,2,0,0,15
1,22,0,0,0,15
0,21,0,0,0,15
1,29,0,1,1,15
1,41,2,1,1,15
1,26,0,0,0,15
1,34,2,0,0,15
1,35,0,1,1,15
1,53,2,0,0,15
1,31,0,0,0,15
1,26,2,1,1,15
0,19,2,1,1,15
1,54,2,1,1,15
0,19,2,1,1,15
1,27,2,0,0,15
1,26,2,0,0,15
1,62,2,0,0,15
1,31,0,1,1,15
1,26,0,0,0,15
1,23,0,0,1,15
1,24,0,0,0,15
1,44,0,0,0,15
1,28,3,1,1,15
1,48,0,1,1,15
1,26,0,1,1,15
0,23,2,1,1,15
0,21,2,0,0,15
1,58,3,0,0,15
1,29,0,0,0,15
0,20,5,0,0,15
1,54,0,0,0,15
1,24,3,1,1,15
0,22,2,0,0,15
1,34,2,0,0,15
1,36,0,0,0,15
1,27,0,1,1,15
0,34,4,1,1,15
1,19,0,1,1,15
1,28,0,1,1,15
1,20,0,0,0,15
1,22,2,1,1,15
1,24,0,1,1,15
1,24,5,0,0,15
0,39,2,0,0,15
1,29,0,1,1,15
1,33,2,0,0,15
1,28,0,0,0,15
0,37,0,0,0,15
1,26,2,1,1,15
1,46,5,0,0,15
1,21,0,0,0,15
1,25,2,1,1,15
1,27,2,1,1,15
1,40,2,0,0,15
1,26,2,1,1,15
1,29,0,0,0,15
1,26,2,0,0,15
1,22,0,1,1,15
1,26,2,1,1,15
1,41,2,1,1,15
1,32,0,1,1,15
0,19,2,1,1,15
0,23,0,0,0,15
0,37,0,0,0,15
1,24,0,0,0,15
1,27,2,1,1,15
1,32,0,1,1,15
1,25,3,0,0,15
1,24,2,0,0,15
1,32,0,0,0,15
1,20,0,1,1,15
1,55,0,0,0,15
0,22,0,0,0,15
1,39,0,1,1,15
1,26,2,1,1,15
1,24,0,1,1,15
1,51,2,0,0,15
1,41,0,1,1,15
1,39,0,1,1,15
1,29,3,1,1,15
0,33,0,0,0,15
1,21,3,1,1,15
1,22,2,1,1,15
1,42,0,0,0,15
0,50,2,1,1,15
1,23,3,0,0,15
1,27,0,1,1,15
1,36,5,0,0,15
1,22,2,1,1,15
1,24,0,1,1,15
1,47,3,0,0,15
1,45,0,0,0,15
0,19,2,1,1,15
1,48,0,0,0,15
1,27,0,0,0,15
1,24,0,1,1,15
0,31,3,0,0,15
1,25,0,1,1,15
1,56,2,0,0,15
0,29,2,1,1,15
1,52,0,1,1,15
1,35,0,0,0,15
1,59,2,1,1,15
1,33,2,1,1,15
1,26,2,0,0,15
1,53,2,0,0,15
0,23,2,1,1,15
1,38,4,1,1,15
1,47,3,0,0,15
1,28,5,0,0,15
1,47,2,1,1,15
1,27,2,0,0,15
1,59,3,0,0,15
1,51,3,0,0,15
1,29,2,1,1,15
1,31,0,1,1,15
0,28,2,1,1,15
0,57,2,1,1,15
1,50,0,1,1,15
1,30,0,1,1,15
1,27,0,1,1,15
1,31,2,0,0,15
1,39,0,1,1,15
1,24,2,1,1,15
1,28,2,0,0,15
1,27,2,0,0,15
1,31,0,1,1,15
0,28,0,0,0,15
1,58,0,1,1,15
1,21,0,1,1,15
1,27,2,0,0,15
1,66,0,0,0,15
1,26,0,1,1,15
0,39,2,0,0,15
0,23,3,0,1,15
1,38,0,1,1,15
0,35,0,0,0,15
1,27,3,0,0,15
1,34,0,1,1,15
1,51,2,0,0,15
1,42,0,0,0,15
0,26,0,0,0,15
0,24,2,0,0,15
1,36,0,0,0,15
1,40,2,0,0,15
1,25,0,0,0,15
1,35,2,0,0,15
1,21,2,1,1,15
0,20,0,0,0,15
0,40,5,0,0,15
1,22,3,1,1,15
0,30,0,0,0,15
1,33,0,0,0,15
1,28,0,0,0,15
1,53,3,0,0,15
1,38,0,1,1,15
1,56,2,0,0,15
1,33,0,1,1,15
1,32,2,1,1,15
1,47,0,0,0,15
1,29,0,0,0,15
1,30,0,1,1,15
1,23,0,1,1,15
1,42,2,0,0,15
0,24,2,1,1,15
1,30,0,1,1,15
1,47,2,1,1,15
1,26,0,0,0,15
0,35,0,1,1,15
1,27,0,1,1,15
0,34,2,1,1,15
1,26,0,1,1,15
1,27,5,1,1,15
1,21,5,1,1,15
0,48,0,0,0,15
1,31,0,1,1,15
1,30,0,1,1,15
1,28,0,1,1,15
1,26,0,0,0,15
0,64,2,0,0,15
1,29,2,1,1,15
1,29,5,0,0,15
1,29,0,1,1,15
0,21,2,1,1,15
1,20,0,0,0,15
0,59,2,0,0,15
0,33,2,0,0,15
0,31,3,0,0,15
1,21,2,1,1,15
1,70,2,0,0,15
0,53,2,0,0,15
1,23,0,1,1,15
0,32,0,0,0,15
0,19,2,1,1,15
1,26,2,0,0,15
1,53,2,0,0,15
1,22,0,0,0,15
1,44,0,1,1,15
1,63,0,1,1,15
1,20,3,1,1,15
